clip,clip_path,annotation_file,command_id,command_name,raw_value
Accident_Town03_Route24816_Weather25,/home/kmw/Summer_Intership/Carla/Scenario/Accident_Town03_Route24816_Weather25,/home/kmw/Summer_Intership/Carla/Scenario/Accident_Town03_Route24816_Weather25/anno/00000.json.gz,4,LANEFOLLOW,4
Accident_Town03_Route24816_Weather25,/home/kmw/Summer_Intership/Carla/Scenario/Accident_Town03_Route24816_Weather25,/home/kmw/Summer_Intership/Carla/Scenario/Accident_Town03_Route24816_Weather25/anno/00001.json.gz,4,LANEFOLLOW,4
Accident_Town03_Route24816_Weather25,/home/kmw/Summer_Intership/Carla/Scenario/Accident_Town03_Route24816_Weather25,/home/kmw/Summer_Intership/Carla/Scenario/Accident_Town03_Route24816_Weather25/anno/00002.json.gz,4,LANEFOLLOW,4
Accident_Town03_Route24816_Weather25,/home/kmw/Summer_Intership/Carla/Scenario/Accident_Town03_Route24816_Weather25,/home/kmw/Summer_Intership/Carla/Scenario/Accident_Town03_Route24816_Weather25/anno/00003.json.gz,4,LANEFOLLOW,4
Accident_Town03_Route24816_Weather25,/home/kmw/Summer_Intership/Carla/Scenario/Accident_Town03_Route24816_Weather25,/home/kmw/Summer_Intership/Carla/Scenario/Accident_Town03_Route24816_Weather25/anno/00004.json.gz,4,LANEFOLLOW,4
Accident_Town03_Route24816_Weather25,/home/kmw/Summer_Intership/Carla/Scenario/Accident_Town03_Route24816_Weather25,/home/kmw/Summer_Intership/Carla/Scenario/Accident_Town03_Route24816_Weather25/anno/00005.json.gz,4,LANEFOLLOW,4
Accident_Town03_Route24816_Weather25,/home/kmw/Summer_Intership/Carla/Scenario/Accident_Town03_Route24816_Weather25,/home/kmw/Summer_Intership/Carla/Scenario/Accident_Town03_Route24816_Weather25/anno/00006.json.gz,4,LANEFOLLOW,4
Accident_Town03_Route24816_Weather25,/home/kmw/Summer_Intership/Carla/Scenario/Accident_Town03_Route24816_Weather25,/home/kmw/Summer_Intership/Carla/Scenario/Accident_Town03_Route24816_Weather25/anno/00007.json.gz,4,LANEFOLLOW,4
Accident_Town03_Route24816_Weather25,/home/kmw/Summer_Intership/Carla/Scenario/Accident_Town03_Route24816_Weather25,/home/kmw/Summer_Intership/Carla/Scenario/Accident_Town03_Route24816_Weather25/anno/00008.json.gz,4,LANEFOLLOW,4
Accident_Town03_Route24816_Weather25,/home/kmw/Summer_Intership/Carla/Scenario/Accident_Town03_Route24816_Weather25,/home/kmw/Summer_Intership/Carla/Scenario/Accident_Town03_Route24816_Weather25/anno/00009.json.gz,4,LANEFOLLOW,4
Accident_Town03_Route24816_Weather25,/home/kmw/Summer_Intership/Carla/Scenario/Accident_Town03_Route24816_Weather25,/home/kmw/Summer_Intership/Carla/Scenario/Accident_Town03_Route24816_Weather25/anno/00010.json.gz,4,LANEFOLLOW,4
Accident_Town03_Route24816_Weather25,/home/kmw/Summer_Intership/Carla/Scenario/Accident_Town03_Route24816_Weather25,/home/kmw/Summer_Intership/Carla/Scenario/Accident_Town03_Route24816_Weather25/anno/00011.json.gz,4,LANEFOLLOW,4
Accident_Town03_Route24816_Weather25,/home/kmw/Summer_Intership/Carla/Scenario/Accident_Town03_Route24816_Weather25,/home/kmw/Summer_Intership/Carla/Scenario/Accident_Town03_Route24816_Weather25/anno/00012.json.gz,4,LANEFOLLOW,4
Accident_Town03_Route24816_Weather25,/home/kmw/Summer_Intership/Carla/Scenario/Accident_Town03_Route24816_Weather25,/home/kmw/Summer_Intership/Carla/Scenario/Accident_Town03_Route24816_Weather25/anno/00013.json.gz,4,LANEFOLLOW,4
Accident_Town03_Route24816_Weather25,/home/kmw/Summer_Intership/Carla/Scenario/Accident_Town03_Route24816_Weather25,/home/kmw/Summer_Intership/Carla/Scenario/Accident_Town03_Route24816_Weather25/anno/00014.json.gz,4,LANEFOLLOW,4
Accident_Town03_Route24816_Weather25,/home/kmw/Summer_Intership/Carla/Scenario/Accident_Town03_Route24816_Weather25,/home/kmw/Summer_Intership/Carla/Scenario/Accident_Town03_Route24816_Weather25/anno/00015.json.gz,4,LANEFOLLOW,4
Accident_Town03_Route24816_Weather25,/home/kmw/Summer_Intership/Carla/Scenario/Accident_Town03_Route24816_Weather25,/home/kmw/Summer_Intership/Carla/Scenario/Accident_Town03_Route24816_Weather25/anno/00016.json.gz,4,LANEFOLLOW,4
Accident_Town03_Route24816_Weather25,/home/kmw/Summer_Intership/Carla/Scenario/Accident_Town03_Route24816_Weather25,/home/kmw/Summer_Intership/Carla/Scenario/Accident_Town03_Route24816_Weather25/anno/00017.json.gz,4,LANEFOLLOW,4
Accident_Town03_Route24816_Weather25,/home/kmw/Summer_Intership/Carla/Scenario/Accident_Town03_Route24816_Weather25,/home/kmw/Summer_Intership/Carla/Scenario/Accident_Town03_Route24816_Weather25/anno/00018.json.gz,4,LANEFOLLOW,4
Accident_Town03_Route24816_Weather25,/home/kmw/Summer_Intership/Carla/Scenario/Accident_Town03_Route24816_Weather25,/home/kmw/Summer_Intership/Carla/Scenario/Accident_Town03_Route24816_Weather25/anno/00019.json.gz,4,LANEFOLLOW,4
Accident_Town03_Route24816_Weather25,/home/kmw/Summer_Intership/Carla/Scenario/Accident_Town03_Route24816_Weather25,/home/kmw/Summer_Intership/Carla/Scenario/Accident_Town03_Route24816_Weather25/anno/00020.json.gz,4,LANEFOLLOW,4
Accident_Town03_Route24816_Weather25,/home/kmw/Summer_Intership/Carla/Scenario/Accident_Town03_Route24816_Weather25,/home/kmw/Summer_Intership/Carla/Scenario/Accident_Town03_Route24816_Weather25/anno/00021.json.gz,4,LANEFOLLOW,4
Accident_Town03_Route24816_Weather25,/home/kmw/Summer_Intership/Carla/Scenario/Accident_Town03_Route24816_Weather25,/home/kmw/Summer_Intership/Carla/Scenario/Accident_Town03_Route24816_Weather25/anno/00022.json.gz,4,LANEFOLLOW,4
Accident_Town03_Route24816_Weather25,/home/kmw/Summer_Intership/Carla/Scenario/Accident_Town03_Route24816_Weather25,/home/kmw/Summer_Intership/Carla/Scenario/Accident_Town03_Route24816_Weather25/anno/00023.json.gz,4,LANEFOLLOW,4
Accident_Town03_Route24816_Weather25,/home/kmw/Summer_Intership/Carla/Scenario/Accident_Town03_Route24816_Weather25,/home/kmw/Summer_Intership/Carla/Scenario/Accident_Town03_Route24816_Weather25/anno/00024.json.gz,4,LANEFOLLOW,4
Accident_Town03_Route24816_Weather25,/home/kmw/Summer_Intership/Carla/Scenario/Accident_Town03_Route24816_Weather25,/home/kmw/Summer_Intership/Carla/Scenario/Accident_Town03_Route24816_Weather25/anno/00025.json.gz,4,LANEFOLLOW,4
Accident_Town03_Route24816_Weather25,/home/kmw/Summer_Intership/Carla/Scenario/Accident_Town03_Route24816_Weather25,/home/kmw/Summer_Intership/Carla/Scenario/Accident_Town03_Route24816_Weather25/anno/00026.json.gz,4,LANEFOLLOW,4
Accident_Town03_Route24816_Weather25,/home/kmw/Summer_Intership/Carla/Scenario/Accident_Town03_Route24816_Weather25,/home/kmw/Summer_Intership/Carla/Scenario/Accident_Town03_Route24816_Weather25/anno/00027.json.gz,4,LANEFOLLOW,4
Accident_Town03_Route24816_Weather25,/home/kmw/Summer_Intership/Carla/Scenario/Accident_Town03_Route24816_Weather25,/home/kmw/Summer_Intership/Carla/Scenario/Accident_Town03_Route24816_Weather25/anno/00028.json.gz,4,LANEFOLLOW,4
Accident_Town03_Route24816_Weather25,/home/kmw/Summer_Intership/Carla/Scenario/Accident_Town03_Route24816_Weather25,/home/kmw/Summer_Intership/Carla/Scenario/Accident_Town03_Route24816_Weather25/anno/00029.json.gz,4,LANEFOLLOW,4
Accident_Town03_Route24816_Weather25,/home/kmw/Summer_Intership/Carla/Scenario/Accident_Town03_Route24816_Weather25,/home/kmw/Summer_Intership/Carla/Scenario/Accident_Town03_Route24816_Weather25/anno/00030.json.gz,4,LANEFOLLOW,4
Accident_Town03_Route24816_Weather25,/home/kmw/Summer_Intership/Carla/Scenario/Accident_Town03_Route24816_Weather25,/home/kmw/Summer_Intership/Carla/Scenario/Accident_Town03_Route24816_Weather25/anno/00031.json.gz,4,LANEFOLLOW,4
Accident_Town03_Route24816_Weather25,/home/kmw/Summer_Intership/Carla/Scenario/Accident_Town03_Route24816_Weather25,/home/kmw/Summer_Intership/Carla/Scenario/Accident_Town03_Route24816_Weather25/anno/00032.json.gz,4,LANEFOLLOW,4
Accident_Town03_Route24816_Weather25,/home/kmw/Summer_Intership/Carla/Scenario/Accident_Town03_Route24816_Weather25,/home/kmw/Summer_Intership/Carla/Scenario/Accident_Town03_Route24816_Weather25/anno/00033.json.gz,4,LANEFOLLOW,4
Accident_Town03_Route24816_Weather25,/home/kmw/Summer_Intership/Carla/Scenario/Accident_Town03_Route24816_Weather25,/home/kmw/Summer_Intership/Carla/Scenario/Accident_Town03_Route24816_Weather25/anno/00034.json.gz,4,LANEFOLLOW,4
Accident_Town03_Route24816_Weather25,/home/kmw/Summer_Intership/Carla/Scenario/Accident_Town03_Route24816_Weather25,/home/kmw/Summer_Intership/Carla/Scenario/Accident_Town03_Route24816_Weather25/anno/00035.json.gz,4,LANEFOLLOW,4
Accident_Town03_Route24816_Weather25,/home/kmw/Summer_Intership/Carla/Scenario/Accident_Town03_Route24816_Weather25,/home/kmw/Summer_Intership/Carla/Scenario/Accident_Town03_Route24816_Weather25/anno/00036.json.gz,4,LANEFOLLOW,4
Accident_Town03_Route24816_Weather25,/home/kmw/Summer_Intership/Carla/Scenario/Accident_Town03_Route24816_Weather25,/home/kmw/Summer_Intership/Carla/Scenario/Accident_Town03_Route24816_Weather25/anno/00037.json.gz,4,LANEFOLLOW,4
Accident_Town03_Route24816_Weather25,/home/kmw/Summer_Intership/Carla/Scenario/Accident_Town03_Route24816_Weather25,/home/kmw/Summer_Intership/Carla/Scenario/Accident_Town03_Route24816_Weather25/anno/00038.json.gz,4,LANEFOLLOW,4
Accident_Town03_Route24816_Weather25,/home/kmw/Summer_Intership/Carla/Scenario/Accident_Town03_Route24816_Weather25,/home/kmw/Summer_Intership/Carla/Scenario/Accident_Town03_Route24816_Weather25/anno/00039.json.gz,4,LANEFOLLOW,4
Accident_Town03_Route24816_Weather25,/home/kmw/Summer_Intership/Carla/Scenario/Accident_Town03_Route24816_Weather25,/home/kmw/Summer_Intership/Carla/Scenario/Accident_Town03_Route24816_Weather25/anno/00040.json.gz,4,LANEFOLLOW,4
Accident_Town03_Route24816_Weather25,/home/kmw/Summer_Intership/Carla/Scenario/Accident_Town03_Route24816_Weather25,/home/kmw/Summer_Intership/Carla/Scenario/Accident_Town03_Route24816_Weather25/anno/00041.json.gz,4,LANEFOLLOW,4
Accident_Town03_Route24816_Weather25,/home/kmw/Summer_Intership/Carla/Scenario/Accident_Town03_Route24816_Weather25,/home/kmw/Summer_Intership/Carla/Scenario/Accident_Town03_Route24816_Weather25/anno/00042.json.gz,4,LANEFOLLOW,4
Accident_Town03_Route24816_Weather25,/home/kmw/Summer_Intership/Carla/Scenario/Accident_Town03_Route24816_Weather25,/home/kmw/Summer_Intership/Carla/Scenario/Accident_Town03_Route24816_Weather25/anno/00043.json.gz,4,LANEFOLLOW,4
Accident_Town03_Route24816_Weather25,/home/kmw/Summer_Intership/Carla/Scenario/Accident_Town03_Route24816_Weather25,/home/kmw/Summer_Intership/Carla/Scenario/Accident_Town03_Route24816_Weather25/anno/00044.json.gz,4,LANEFOLLOW,4
Accident_Town03_Route24816_Weather25,/home/kmw/Summer_Intership/Carla/Scenario/Accident_Town03_Route24816_Weather25,/home/kmw/Summer_Intership/Carla/Scenario/Accident_Town03_Route24816_Weather25/anno/00045.json.gz,4,LANEFOLLOW,4
Accident_Town03_Route24816_Weather25,/home/kmw/Summer_Intership/Carla/Scenario/Accident_Town03_Route24816_Weather25,/home/kmw/Summer_Intership/Carla/Scenario/Accident_Town03_Route24816_Weather25/anno/00046.json.gz,4,LANEFOLLOW,4
Accident_Town03_Route24816_Weather25,/home/kmw/Summer_Intership/Carla/Scenario/Accident_Town03_Route24816_Weather25,/home/kmw/Summer_Intership/Carla/Scenario/Accident_Town03_Route24816_Weather25/anno/00047.json.gz,4,LANEFOLLOW,4
Accident_Town03_Route24816_Weather25,/home/kmw/Summer_Intership/Carla/Scenario/Accident_Town03_Route24816_Weather25,/home/kmw/Summer_Intership/Carla/Scenario/Accident_Town03_Route24816_Weather25/anno/00048.json.gz,4,LANEFOLLOW,4
Accident_Town03_Route24816_Weather25,/home/kmw/Summer_Intership/Carla/Scenario/Accident_Town03_Route24816_Weather25,/home/kmw/Summer_Intership/Carla/Scenario/Accident_Town03_Route24816_Weather25/anno/00049.json.gz,4,LANEFOLLOW,4
Accident_Town03_Route24816_Weather25,/home/kmw/Summer_Intership/Carla/Scenario/Accident_Town03_Route24816_Weather25,/home/kmw/Summer_Intership/Carla/Scenario/Accident_Town03_Route24816_Weather25/anno/00050.json.gz,4,LANEFOLLOW,4
Accident_Town03_Route24816_Weather25,/home/kmw/Summer_Intership/Carla/Scenario/Accident_Town03_Route24816_Weather25,/home/kmw/Summer_Intership/Carla/Scenario/Accident_Town03_Route24816_Weather25/anno/00051.json.gz,4,LANEFOLLOW,4
Accident_Town03_Route24816_Weather25,/home/kmw/Summer_Intership/Carla/Scenario/Accident_Town03_Route24816_Weather25,/home/kmw/Summer_Intership/Carla/Scenario/Accident_Town03_Route24816_Weather25/anno/00052.json.gz,4,LANEFOLLOW,4
Accident_Town03_Route24816_Weather25,/home/kmw/Summer_Intership/Carla/Scenario/Accident_Town03_Route24816_Weather25,/home/kmw/Summer_Intership/Carla/Scenario/Accident_Town03_Route24816_Weather25/anno/00053.json.gz,4,LANEFOLLOW,4
Accident_Town03_Route24816_Weather25,/home/kmw/Summer_Intership/Carla/Scenario/Accident_Town03_Route24816_Weather25,/home/kmw/Summer_Intership/Carla/Scenario/Accident_Town03_Route24816_Weather25/anno/00054.json.gz,4,LANEFOLLOW,4
Accident_Town03_Route24816_Weather25,/home/kmw/Summer_Intership/Carla/Scenario/Accident_Town03_Route24816_Weather25,/home/kmw/Summer_Intership/Carla/Scenario/Accident_Town03_Route24816_Weather25/anno/00055.json.gz,4,LANEFOLLOW,4
Accident_Town03_Route24816_Weather25,/home/kmw/Summer_Intership/Carla/Scenario/Accident_Town03_Route24816_Weather25,/home/kmw/Summer_Intership/Carla/Scenario/Accident_Town03_Route24816_Weather25/anno/00056.json.gz,4,LANEFOLLOW,4
Accident_Town03_Route24816_Weather25,/home/kmw/Summer_Intership/Carla/Scenario/Accident_Town03_Route24816_Weather25,/home/kmw/Summer_Intership/Carla/Scenario/Accident_Town03_Route24816_Weather25/anno/00057.json.gz,4,LANEFOLLOW,4
Accident_Town03_Route24816_Weather25,/home/kmw/Summer_Intership/Carla/Scenario/Accident_Town03_Route24816_Weather25,/home/kmw/Summer_Intership/Carla/Scenario/Accident_Town03_Route24816_Weather25/anno/00058.json.gz,4,LANEFOLLOW,4
Accident_Town03_Route24816_Weather25,/home/kmw/Summer_Intership/Carla/Scenario/Accident_Town03_Route24816_Weather25,/home/kmw/Summer_Intership/Carla/Scenario/Accident_Town03_Route24816_Weather25/anno/00059.json.gz,4,LANEFOLLOW,4
Accident_Town03_Route24816_Weather25,/home/kmw/Summer_Intership/Carla/Scenario/Accident_Town03_Route24816_Weather25,/home/kmw/Summer_Intership/Carla/Scenario/Accident_Town03_Route24816_Weather25/anno/00060.json.gz,4,LANEFOLLOW,4
Accident_Town03_Route24816_Weather25,/home/kmw/Summer_Intership/Carla/Scenario/Accident_Town03_Route24816_Weather25,/home/kmw/Summer_Intership/Carla/Scenario/Accident_Town03_Route24816_Weather25/anno/00061.json.gz,4,LANEFOLLOW,4
Accident_Town03_Route24816_Weather25,/home/kmw/Summer_Intership/Carla/Scenario/Accident_Town03_Route24816_Weather25,/home/kmw/Summer_Intership/Carla/Scenario/Accident_Town03_Route24816_Weather25/anno/00062.json.gz,4,LANEFOLLOW,4
Accident_Town03_Route24816_Weather25,/home/kmw/Summer_Intership/Carla/Scenario/Accident_Town03_Route24816_Weather25,/home/kmw/Summer_Intership/Carla/Scenario/Accident_Town03_Route24816_Weather25/anno/00063.json.gz,4,LANEFOLLOW,4
Accident_Town03_Route24816_Weather25,/home/kmw/Summer_Intership/Carla/Scenario/Accident_Town03_Route24816_Weather25,/home/kmw/Summer_Intership/Carla/Scenario/Accident_Town03_Route24816_Weather25/anno/00064.json.gz,4,LANEFOLLOW,4
Accident_Town03_Route24816_Weather25,/home/kmw/Summer_Intership/Carla/Scenario/Accident_Town03_Route24816_Weather25,/home/kmw/Summer_Intership/Carla/Scenario/Accident_Town03_Route24816_Weather25/anno/00065.json.gz,4,LANEFOLLOW,4
Accident_Town03_Route24816_Weather25,/home/kmw/Summer_Intership/Carla/Scenario/Accident_Town03_Route24816_Weather25,/home/kmw/Summer_Intership/Carla/Scenario/Accident_Town03_Route24816_Weather25/anno/00066.json.gz,4,LANEFOLLOW,4
Accident_Town03_Route24816_Weather25,/home/kmw/Summer_Intership/Carla/Scenario/Accident_Town03_Route24816_Weather25,/home/kmw/Summer_Intership/Carla/Scenario/Accident_Town03_Route24816_Weather25/anno/00067.json.gz,4,LANEFOLLOW,4
Accident_Town03_Route24816_Weather25,/home/kmw/Summer_Intership/Carla/Scenario/Accident_Town03_Route24816_Weather25,/home/kmw/Summer_Intership/Carla/Scenario/Accident_Town03_Route24816_Weather25/anno/00068.json.gz,4,LANEFOLLOW,4
Accident_Town03_Route24816_Weather25,/home/kmw/Summer_Intership/Carla/Scenario/Accident_Town03_Route24816_Weather25,/home/kmw/Summer_Intership/Carla/Scenario/Accident_Town03_Route24816_Weather25/anno/00069.json.gz,4,LANEFOLLOW,4
Accident_Town03_Route24816_Weather25,/home/kmw/Summer_Intership/Carla/Scenario/Accident_Town03_Route24816_Weather25,/home/kmw/Summer_Intership/Carla/Scenario/Accident_Town03_Route24816_Weather25/anno/00070.json.gz,4,LANEFOLLOW,4
Accident_Town03_Route24816_Weather25,/home/kmw/Summer_Intership/Carla/Scenario/Accident_Town03_Route24816_Weather25,/home/kmw/Summer_Intership/Carla/Scenario/Accident_Town03_Route24816_Weather25/anno/00071.json.gz,4,LANEFOLLOW,4
Accident_Town03_Route24816_Weather25,/home/kmw/Summer_Intership/Carla/Scenario/Accident_Town03_Route24816_Weather25,/home/kmw/Summer_Intership/Carla/Scenario/Accident_Town03_Route24816_Weather25/anno/00072.json.gz,4,LANEFOLLOW,4
Accident_Town03_Route24816_Weather25,/home/kmw/Summer_Intership/Carla/Scenario/Accident_Town03_Route24816_Weather25,/home/kmw/Summer_Intership/Carla/Scenario/Accident_Town03_Route24816_Weather25/anno/00073.json.gz,4,LANEFOLLOW,4
Accident_Town03_Route24816_Weather25,/home/kmw/Summer_Intership/Carla/Scenario/Accident_Town03_Route24816_Weather25,/home/kmw/Summer_Intership/Carla/Scenario/Accident_Town03_Route24816_Weather25/anno/00074.json.gz,4,LANEFOLLOW,4
Accident_Town03_Route24816_Weather25,/home/kmw/Summer_Intership/Carla/Scenario/Accident_Town03_Route24816_Weather25,/home/kmw/Summer_Intership/Carla/Scenario/Accident_Town03_Route24816_Weather25/anno/00075.json.gz,4,LANEFOLLOW,4
Accident_Town03_Route24816_Weather25,/home/kmw/Summer_Intership/Carla/Scenario/Accident_Town03_Route24816_Weather25,/home/kmw/Summer_Intership/Carla/Scenario/Accident_Town03_Route24816_Weather25/anno/00076.json.gz,4,LANEFOLLOW,4
Accident_Town03_Route24816_Weather25,/home/kmw/Summer_Intership/Carla/Scenario/Accident_Town03_Route24816_Weather25,/home/kmw/Summer_Intership/Carla/Scenario/Accident_Town03_Route24816_Weather25/anno/00077.json.gz,4,LANEFOLLOW,4
Accident_Town03_Route24816_Weather25,/home/kmw/Summer_Intership/Carla/Scenario/Accident_Town03_Route24816_Weather25,/home/kmw/Summer_Intership/Carla/Scenario/Accident_Town03_Route24816_Weather25/anno/00078.json.gz,4,LANEFOLLOW,4
Accident_Town03_Route24816_Weather25,/home/kmw/Summer_Intership/Carla/Scenario/Accident_Town03_Route24816_Weather25,/home/kmw/Summer_Intership/Carla/Scenario/Accident_Town03_Route24816_Weather25/anno/00079.json.gz,4,LANEFOLLOW,4
Accident_Town03_Route24816_Weather25,/home/kmw/Summer_Intership/Carla/Scenario/Accident_Town03_Route24816_Weather25,/home/kmw/Summer_Intership/Carla/Scenario/Accident_Town03_Route24816_Weather25/anno/00080.json.gz,4,LANEFOLLOW,4
Accident_Town03_Route24816_Weather25,/home/kmw/Summer_Intership/Carla/Scenario/Accident_Town03_Route24816_Weather25,/home/kmw/Summer_Intership/Carla/Scenario/Accident_Town03_Route24816_Weather25/anno/00081.json.gz,4,LANEFOLLOW,4
Accident_Town03_Route24816_Weather25,/home/kmw/Summer_Intership/Carla/Scenario/Accident_Town03_Route24816_Weather25,/home/kmw/Summer_Intership/Carla/Scenario/Accident_Town03_Route24816_Weather25/anno/00082.json.gz,4,LANEFOLLOW,4
Accident_Town03_Route24816_Weather25,/home/kmw/Summer_Intership/Carla/Scenario/Accident_Town03_Route24816_Weather25,/home/kmw/Summer_Intership/Carla/Scenario/Accident_Town03_Route24816_Weather25/anno/00083.json.gz,4,LANEFOLLOW,4
Accident_Town03_Route24816_Weather25,/home/kmw/Summer_Intership/Carla/Scenario/Accident_Town03_Route24816_Weather25,/home/kmw/Summer_Intership/Carla/Scenario/Accident_Town03_Route24816_Weather25/anno/00084.json.gz,4,LANEFOLLOW,4
Accident_Town03_Route24816_Weather25,/home/kmw/Summer_Intership/Carla/Scenario/Accident_Town03_Route24816_Weather25,/home/kmw/Summer_Intership/Carla/Scenario/Accident_Town03_Route24816_Weather25/anno/00085.json.gz,4,LANEFOLLOW,4
Accident_Town03_Route24816_Weather25,/home/kmw/Summer_Intership/Carla/Scenario/Accident_Town03_Route24816_Weather25,/home/kmw/Summer_Intership/Carla/Scenario/Accident_Town03_Route24816_Weather25/anno/00086.json.gz,4,LANEFOLLOW,4
Accident_Town03_Route24816_Weather25,/home/kmw/Summer_Intership/Carla/Scenario/Accident_Town03_Route24816_Weather25,/home/kmw/Summer_Intership/Carla/Scenario/Accident_Town03_Route24816_Weather25/anno/00087.json.gz,4,LANEFOLLOW,4
Accident_Town03_Route24816_Weather25,/home/kmw/Summer_Intership/Carla/Scenario/Accident_Town03_Route24816_Weather25,/home/kmw/Summer_Intership/Carla/Scenario/Accident_Town03_Route24816_Weather25/anno/00088.json.gz,4,LANEFOLLOW,4
Accident_Town03_Route24816_Weather25,/home/kmw/Summer_Intership/Carla/Scenario/Accident_Town03_Route24816_Weather25,/home/kmw/Summer_Intership/Carla/Scenario/Accident_Town03_Route24816_Weather25/anno/00089.json.gz,4,LANEFOLLOW,4
Accident_Town03_Route24816_Weather25,/home/kmw/Summer_Intership/Carla/Scenario/Accident_Town03_Route24816_Weather25,/home/kmw/Summer_Intership/Carla/Scenario/Accident_Town03_Route24816_Weather25/anno/00090.json.gz,4,LANEFOLLOW,4
Accident_Town03_Route24816_Weather25,/home/kmw/Summer_Intership/Carla/Scenario/Accident_Town03_Route24816_Weather25,/home/kmw/Summer_Intership/Carla/Scenario/Accident_Town03_Route24816_Weather25/anno/00091.json.gz,4,LANEFOLLOW,4
Accident_Town03_Route24816_Weather25,/home/kmw/Summer_Intership/Carla/Scenario/Accident_Town03_Route24816_Weather25,/home/kmw/Summer_Intership/Carla/Scenario/Accident_Town03_Route24816_Weather25/anno/00092.json.gz,4,LANEFOLLOW,4
Accident_Town03_Route24816_Weather25,/home/kmw/Summer_Intership/Carla/Scenario/Accident_Town03_Route24816_Weather25,/home/kmw/Summer_Intership/Carla/Scenario/Accident_Town03_Route24816_Weather25/anno/00093.json.gz,4,LANEFOLLOW,4
Accident_Town03_Route24816_Weather25,/home/kmw/Summer_Intership/Carla/Scenario/Accident_Town03_Route24816_Weather25,/home/kmw/Summer_Intership/Carla/Scenario/Accident_Town03_Route24816_Weather25/anno/00094.json.gz,4,LANEFOLLOW,4
Accident_Town03_Route24816_Weather25,/home/kmw/Summer_Intership/Carla/Scenario/Accident_Town03_Route24816_Weather25,/home/kmw/Summer_Intership/Carla/Scenario/Accident_Town03_Route24816_Weather25/anno/00095.json.gz,4,LANEFOLLOW,4
Accident_Town03_Route24816_Weather25,/home/kmw/Summer_Intership/Carla/Scenario/Accident_Town03_Route24816_Weather25,/home/kmw/Summer_Intership/Carla/Scenario/Accident_Town03_Route24816_Weather25/anno/00096.json.gz,4,LANEFOLLOW,4
Accident_Town03_Route24816_Weather25,/home/kmw/Summer_Intership/Carla/Scenario/Accident_Town03_Route24816_Weather25,/home/kmw/Summer_Intership/Carla/Scenario/Accident_Town03_Route24816_Weather25/anno/00097.json.gz,4,LANEFOLLOW,4
Accident_Town03_Route24816_Weather25,/home/kmw/Summer_Intership/Carla/Scenario/Accident_Town03_Route24816_Weather25,/home/kmw/Summer_Intership/Carla/Scenario/Accident_Town03_Route24816_Weather25/anno/00098.json.gz,4,LANEFOLLOW,4
Accident_Town03_Route24816_Weather25,/home/kmw/Summer_Intership/Carla/Scenario/Accident_Town03_Route24816_Weather25,/home/kmw/Summer_Intership/Carla/Scenario/Accident_Town03_Route24816_Weather25/anno/00099.json.gz,4,LANEFOLLOW,4
Accident_Town03_Route24816_Weather25,/home/kmw/Summer_Intership/Carla/Scenario/Accident_Town03_Route24816_Weather25,/home/kmw/Summer_Intership/Carla/Scenario/Accident_Town03_Route24816_Weather25/anno/00100.json.gz,4,LANEFOLLOW,4
Accident_Town03_Route24816_Weather25,/home/kmw/Summer_Intership/Carla/Scenario/Accident_Town03_Route24816_Weather25,/home/kmw/Summer_Intership/Carla/Scenario/Accident_Town03_Route24816_Weather25/anno/00101.json.gz,4,LANEFOLLOW,4
Accident_Town03_Route24816_Weather25,/home/kmw/Summer_Intership/Carla/Scenario/Accident_Town03_Route24816_Weather25,/home/kmw/Summer_Intership/Carla/Scenario/Accident_Town03_Route24816_Weather25/anno/00102.json.gz,4,LANEFOLLOW,4
Accident_Town03_Route24816_Weather25,/home/kmw/Summer_Intership/Carla/Scenario/Accident_Town03_Route24816_Weather25,/home/kmw/Summer_Intership/Carla/Scenario/Accident_Town03_Route24816_Weather25/anno/00103.json.gz,4,LANEFOLLOW,4
Accident_Town03_Route24816_Weather25,/home/kmw/Summer_Intership/Carla/Scenario/Accident_Town03_Route24816_Weather25,/home/kmw/Summer_Intership/Carla/Scenario/Accident_Town03_Route24816_Weather25/anno/00104.json.gz,4,LANEFOLLOW,4
Accident_Town03_Route24816_Weather25,/home/kmw/Summer_Intership/Carla/Scenario/Accident_Town03_Route24816_Weather25,/home/kmw/Summer_Intership/Carla/Scenario/Accident_Town03_Route24816_Weather25/anno/00105.json.gz,4,LANEFOLLOW,4
Accident_Town03_Route24816_Weather25,/home/kmw/Summer_Intership/Carla/Scenario/Accident_Town03_Route24816_Weather25,/home/kmw/Summer_Intership/Carla/Scenario/Accident_Town03_Route24816_Weather25/anno/00106.json.gz,4,LANEFOLLOW,4
Accident_Town03_Route24816_Weather25,/home/kmw/Summer_Intership/Carla/Scenario/Accident_Town03_Route24816_Weather25,/home/kmw/Summer_Intership/Carla/Scenario/Accident_Town03_Route24816_Weather25/anno/00107.json.gz,4,LANEFOLLOW,4
Accident_Town03_Route24816_Weather25,/home/kmw/Summer_Intership/Carla/Scenario/Accident_Town03_Route24816_Weather25,/home/kmw/Summer_Intership/Carla/Scenario/Accident_Town03_Route24816_Weather25/anno/00108.json.gz,4,LANEFOLLOW,4
Accident_Town03_Route24816_Weather25,/home/kmw/Summer_Intership/Carla/Scenario/Accident_Town03_Route24816_Weather25,/home/kmw/Summer_Intership/Carla/Scenario/Accident_Town03_Route24816_Weather25/anno/00109.json.gz,4,LANEFOLLOW,4
Accident_Town03_Route24816_Weather25,/home/kmw/Summer_Intership/Carla/Scenario/Accident_Town03_Route24816_Weather25,/home/kmw/Summer_Intership/Carla/Scenario/Accident_Town03_Route24816_Weather25/anno/00110.json.gz,4,LANEFOLLOW,4
Accident_Town03_Route24816_Weather25,/home/kmw/Summer_Intership/Carla/Scenario/Accident_Town03_Route24816_Weather25,/home/kmw/Summer_Intership/Carla/Scenario/Accident_Town03_Route24816_Weather25/anno/00111.json.gz,4,LANEFOLLOW,4
Accident_Town03_Route24816_Weather25,/home/kmw/Summer_Intership/Carla/Scenario/Accident_Town03_Route24816_Weather25,/home/kmw/Summer_Intership/Carla/Scenario/Accident_Town03_Route24816_Weather25/anno/00112.json.gz,4,LANEFOLLOW,4
Accident_Town03_Route24816_Weather25,/home/kmw/Summer_Intership/Carla/Scenario/Accident_Town03_Route24816_Weather25,/home/kmw/Summer_Intership/Carla/Scenario/Accident_Town03_Route24816_Weather25/anno/00113.json.gz,4,LANEFOLLOW,4
Accident_Town03_Route24816_Weather25,/home/kmw/Summer_Intership/Carla/Scenario/Accident_Town03_Route24816_Weather25,/home/kmw/Summer_Intership/Carla/Scenario/Accident_Town03_Route24816_Weather25/anno/00114.json.gz,4,LANEFOLLOW,4
Accident_Town03_Route24816_Weather25,/home/kmw/Summer_Intership/Carla/Scenario/Accident_Town03_Route24816_Weather25,/home/kmw/Summer_Intership/Carla/Scenario/Accident_Town03_Route24816_Weather25/anno/00115.json.gz,4,LANEFOLLOW,4
Accident_Town03_Route24816_Weather25,/home/kmw/Summer_Intership/Carla/Scenario/Accident_Town03_Route24816_Weather25,/home/kmw/Summer_Intership/Carla/Scenario/Accident_Town03_Route24816_Weather25/anno/00116.json.gz,4,LANEFOLLOW,4
Accident_Town03_Route24816_Weather25,/home/kmw/Summer_Intership/Carla/Scenario/Accident_Town03_Route24816_Weather25,/home/kmw/Summer_Intership/Carla/Scenario/Accident_Town03_Route24816_Weather25/anno/00117.json.gz,4,LANEFOLLOW,4
Accident_Town03_Route24816_Weather25,/home/kmw/Summer_Intership/Carla/Scenario/Accident_Town03_Route24816_Weather25,/home/kmw/Summer_Intership/Carla/Scenario/Accident_Town03_Route24816_Weather25/anno/00118.json.gz,4,LANEFOLLOW,4
Accident_Town03_Route24816_Weather25,/home/kmw/Summer_Intership/Carla/Scenario/Accident_Town03_Route24816_Weather25,/home/kmw/Summer_Intership/Carla/Scenario/Accident_Town03_Route24816_Weather25/anno/00119.json.gz,4,LANEFOLLOW,4
Accident_Town03_Route24816_Weather25,/home/kmw/Summer_Intership/Carla/Scenario/Accident_Town03_Route24816_Weather25,/home/kmw/Summer_Intership/Carla/Scenario/Accident_Town03_Route24816_Weather25/anno/00120.json.gz,4,LANEFOLLOW,4
Accident_Town03_Route24816_Weather25,/home/kmw/Summer_Intership/Carla/Scenario/Accident_Town03_Route24816_Weather25,/home/kmw/Summer_Intership/Carla/Scenario/Accident_Town03_Route24816_Weather25/anno/00121.json.gz,4,LANEFOLLOW,4
Accident_Town03_Route24816_Weather25,/home/kmw/Summer_Intership/Carla/Scenario/Accident_Town03_Route24816_Weather25,/home/kmw/Summer_Intership/Carla/Scenario/Accident_Town03_Route24816_Weather25/anno/00122.json.gz,4,LANEFOLLOW,4
Accident_Town03_Route24816_Weather25,/home/kmw/Summer_Intership/Carla/Scenario/Accident_Town03_Route24816_Weather25,/home/kmw/Summer_Intership/Carla/Scenario/Accident_Town03_Route24816_Weather25/anno/00123.json.gz,4,LANEFOLLOW,4
Accident_Town03_Route24816_Weather25,/home/kmw/Summer_Intership/Carla/Scenario/Accident_Town03_Route24816_Weather25,/home/kmw/Summer_Intership/Carla/Scenario/Accident_Town03_Route24816_Weather25/anno/00124.json.gz,4,LANEFOLLOW,4
Accident_Town03_Route24816_Weather25,/home/kmw/Summer_Intership/Carla/Scenario/Accident_Town03_Route24816_Weather25,/home/kmw/Summer_Intership/Carla/Scenario/Accident_Town03_Route24816_Weather25/anno/00125.json.gz,4,LANEFOLLOW,4
Accident_Town03_Route24816_Weather25,/home/kmw/Summer_Intership/Carla/Scenario/Accident_Town03_Route24816_Weather25,/home/kmw/Summer_Intership/Carla/Scenario/Accident_Town03_Route24816_Weather25/anno/00126.json.gz,4,LANEFOLLOW,4
Accident_Town03_Route24816_Weather25,/home/kmw/Summer_Intership/Carla/Scenario/Accident_Town03_Route24816_Weather25,/home/kmw/Summer_Intership/Carla/Scenario/Accident_Town03_Route24816_Weather25/anno/00127.json.gz,4,LANEFOLLOW,4
Accident_Town03_Route24816_Weather25,/home/kmw/Summer_Intership/Carla/Scenario/Accident_Town03_Route24816_Weather25,/home/kmw/Summer_Intership/Carla/Scenario/Accident_Town03_Route24816_Weather25/anno/00128.json.gz,4,LANEFOLLOW,4
Accident_Town03_Route24816_Weather25,/home/kmw/Summer_Intership/Carla/Scenario/Accident_Town03_Route24816_Weather25,/home/kmw/Summer_Intership/Carla/Scenario/Accident_Town03_Route24816_Weather25/anno/00129.json.gz,4,LANEFOLLOW,4
Accident_Town03_Route24816_Weather25,/home/kmw/Summer_Intership/Carla/Scenario/Accident_Town03_Route24816_Weather25,/home/kmw/Summer_Intership/Carla/Scenario/Accident_Town03_Route24816_Weather25/anno/00130.json.gz,4,LANEFOLLOW,4
Accident_Town03_Route24816_Weather25,/home/kmw/Summer_Intership/Carla/Scenario/Accident_Town03_Route24816_Weather25,/home/kmw/Summer_Intership/Carla/Scenario/Accident_Town03_Route24816_Weather25/anno/00131.json.gz,4,LANEFOLLOW,4
Accident_Town03_Route24816_Weather25,/home/kmw/Summer_Intership/Carla/Scenario/Accident_Town03_Route24816_Weather25,/home/kmw/Summer_Intership/Carla/Scenario/Accident_Town03_Route24816_Weather25/anno/00132.json.gz,4,LANEFOLLOW,4
Accident_Town03_Route24816_Weather25,/home/kmw/Summer_Intership/Carla/Scenario/Accident_Town03_Route24816_Weather25,/home/kmw/Summer_Intership/Carla/Scenario/Accident_Town03_Route24816_Weather25/anno/00133.json.gz,4,LANEFOLLOW,4
Accident_Town03_Route24816_Weather25,/home/kmw/Summer_Intership/Carla/Scenario/Accident_Town03_Route24816_Weather25,/home/kmw/Summer_Intership/Carla/Scenario/Accident_Town03_Route24816_Weather25/anno/00134.json.gz,4,LANEFOLLOW,4
Accident_Town03_Route24816_Weather25,/home/kmw/Summer_Intership/Carla/Scenario/Accident_Town03_Route24816_Weather25,/home/kmw/Summer_Intership/Carla/Scenario/Accident_Town03_Route24816_Weather25/anno/00135.json.gz,4,LANEFOLLOW,4
Accident_Town03_Route24816_Weather25,/home/kmw/Summer_Intership/Carla/Scenario/Accident_Town03_Route24816_Weather25,/home/kmw/Summer_Intership/Carla/Scenario/Accident_Town03_Route24816_Weather25/anno/00136.json.gz,4,LANEFOLLOW,4
Accident_Town03_Route24816_Weather25,/home/kmw/Summer_Intership/Carla/Scenario/Accident_Town03_Route24816_Weather25,/home/kmw/Summer_Intership/Carla/Scenario/Accident_Town03_Route24816_Weather25/anno/00137.json.gz,4,LANEFOLLOW,4
Accident_Town03_Route24816_Weather25,/home/kmw/Summer_Intership/Carla/Scenario/Accident_Town03_Route24816_Weather25,/home/kmw/Summer_Intership/Carla/Scenario/Accident_Town03_Route24816_Weather25/anno/00138.json.gz,4,LANEFOLLOW,4
Accident_Town03_Route24816_Weather25,/home/kmw/Summer_Intership/Carla/Scenario/Accident_Town03_Route24816_Weather25,/home/kmw/Summer_Intership/Carla/Scenario/Accident_Town03_Route24816_Weather25/anno/00139.json.gz,4,LANEFOLLOW,4
Accident_Town03_Route24816_Weather25,/home/kmw/Summer_Intership/Carla/Scenario/Accident_Town03_Route24816_Weather25,/home/kmw/Summer_Intership/Carla/Scenario/Accident_Town03_Route24816_Weather25/anno/00140.json.gz,4,LANEFOLLOW,4
Accident_Town03_Route24816_Weather25,/home/kmw/Summer_Intership/Carla/Scenario/Accident_Town03_Route24816_Weather25,/home/kmw/Summer_Intership/Carla/Scenario/Accident_Town03_Route24816_Weather25/anno/00141.json.gz,4,LANEFOLLOW,4
Accident_Town03_Route24816_Weather25,/home/kmw/Summer_Intership/Carla/Scenario/Accident_Town03_Route24816_Weather25,/home/kmw/Summer_Intership/Carla/Scenario/Accident_Town03_Route24816_Weather25/anno/00142.json.gz,4,LANEFOLLOW,4
Accident_Town03_Route24816_Weather25,/home/kmw/Summer_Intership/Carla/Scenario/Accident_Town03_Route24816_Weather25,/home/kmw/Summer_Intership/Carla/Scenario/Accident_Town03_Route24816_Weather25/anno/00143.json.gz,4,LANEFOLLOW,4
Accident_Town03_Route24816_Weather25,/home/kmw/Summer_Intership/Carla/Scenario/Accident_Town03_Route24816_Weather25,/home/kmw/Summer_Intership/Carla/Scenario/Accident_Town03_Route24816_Weather25/anno/00144.json.gz,4,LANEFOLLOW,4
Accident_Town03_Route24816_Weather25,/home/kmw/Summer_Intership/Carla/Scenario/Accident_Town03_Route24816_Weather25,/home/kmw/Summer_Intership/Carla/Scenario/Accident_Town03_Route24816_Weather25/anno/00145.json.gz,4,LANEFOLLOW,4
Accident_Town03_Route24816_Weather25,/home/kmw/Summer_Intership/Carla/Scenario/Accident_Town03_Route24816_Weather25,/home/kmw/Summer_Intership/Carla/Scenario/Accident_Town03_Route24816_Weather25/anno/00146.json.gz,4,LANEFOLLOW,4
Accident_Town03_Route24816_Weather25,/home/kmw/Summer_Intership/Carla/Scenario/Accident_Town03_Route24816_Weather25,/home/kmw/Summer_Intership/Carla/Scenario/Accident_Town03_Route24816_Weather25/anno/00147.json.gz,4,LANEFOLLOW,4
Accident_Town03_Route24816_Weather25,/home/kmw/Summer_Intership/Carla/Scenario/Accident_Town03_Route24816_Weather25,/home/kmw/Summer_Intership/Carla/Scenario/Accident_Town03_Route24816_Weather25/anno/00148.json.gz,4,LANEFOLLOW,4
Accident_Town03_Route24816_Weather25,/home/kmw/Summer_Intership/Carla/Scenario/Accident_Town03_Route24816_Weather25,/home/kmw/Summer_Intership/Carla/Scenario/Accident_Town03_Route24816_Weather25/anno/00149.json.gz,4,LANEFOLLOW,4
Accident_Town03_Route24816_Weather25,/home/kmw/Summer_Intership/Carla/Scenario/Accident_Town03_Route24816_Weather25,/home/kmw/Summer_Intership/Carla/Scenario/Accident_Town03_Route24816_Weather25/anno/00150.json.gz,4,LANEFOLLOW,4
Accident_Town03_Route24816_Weather25,/home/kmw/Summer_Intership/Carla/Scenario/Accident_Town03_Route24816_Weather25,/home/kmw/Summer_Intership/Carla/Scenario/Accident_Town03_Route24816_Weather25/anno/00151.json.gz,4,LANEFOLLOW,4
Accident_Town03_Route24816_Weather25,/home/kmw/Summer_Intership/Carla/Scenario/Accident_Town03_Route24816_Weather25,/home/kmw/Summer_Intership/Carla/Scenario/Accident_Town03_Route24816_Weather25/anno/00152.json.gz,4,LANEFOLLOW,4
Accident_Town03_Route24816_Weather25,/home/kmw/Summer_Intership/Carla/Scenario/Accident_Town03_Route24816_Weather25,/home/kmw/Summer_Intership/Carla/Scenario/Accident_Town03_Route24816_Weather25/anno/00153.json.gz,4,LANEFOLLOW,4
Accident_Town03_Route24816_Weather25,/home/kmw/Summer_Intership/Carla/Scenario/Accident_Town03_Route24816_Weather25,/home/kmw/Summer_Intership/Carla/Scenario/Accident_Town03_Route24816_Weather25/anno/00154.json.gz,4,LANEFOLLOW,4
Accident_Town03_Route24816_Weather25,/home/kmw/Summer_Intership/Carla/Scenario/Accident_Town03_Route24816_Weather25,/home/kmw/Summer_Intership/Carla/Scenario/Accident_Town03_Route24816_Weather25/anno/00155.json.gz,4,LANEFOLLOW,4
Accident_Town03_Route24816_Weather25,/home/kmw/Summer_Intership/Carla/Scenario/Accident_Town03_Route24816_Weather25,/home/kmw/Summer_Intership/Carla/Scenario/Accident_Town03_Route24816_Weather25/anno/00156.json.gz,4,LANEFOLLOW,4
Accident_Town03_Route24816_Weather25,/home/kmw/Summer_Intership/Carla/Scenario/Accident_Town03_Route24816_Weather25,/home/kmw/Summer_Intership/Carla/Scenario/Accident_Town03_Route24816_Weather25/anno/00157.json.gz,4,LANEFOLLOW,4
Accident_Town03_Route24816_Weather25,/home/kmw/Summer_Intership/Carla/Scenario/Accident_Town03_Route24816_Weather25,/home/kmw/Summer_Intership/Carla/Scenario/Accident_Town03_Route24816_Weather25/anno/00158.json.gz,4,LANEFOLLOW,4
Accident_Town03_Route24816_Weather25,/home/kmw/Summer_Intership/Carla/Scenario/Accident_Town03_Route24816_Weather25,/home/kmw/Summer_Intership/Carla/Scenario/Accident_Town03_Route24816_Weather25/anno/00159.json.gz,4,LANEFOLLOW,4
Accident_Town03_Route24816_Weather25,/home/kmw/Summer_Intership/Carla/Scenario/Accident_Town03_Route24816_Weather25,/home/kmw/Summer_Intership/Carla/Scenario/Accident_Town03_Route24816_Weather25/anno/00160.json.gz,4,LANEFOLLOW,4
Accident_Town03_Route24816_Weather25,/home/kmw/Summer_Intership/Carla/Scenario/Accident_Town03_Route24816_Weather25,/home/kmw/Summer_Intership/Carla/Scenario/Accident_Town03_Route24816_Weather25/anno/00161.json.gz,4,LANEFOLLOW,4
Accident_Town03_Route24816_Weather25,/home/kmw/Summer_Intership/Carla/Scenario/Accident_Town03_Route24816_Weather25,/home/kmw/Summer_Intership/Carla/Scenario/Accident_Town03_Route24816_Weather25/anno/00162.json.gz,4,LANEFOLLOW,4
Accident_Town03_Route24816_Weather25,/home/kmw/Summer_Intership/Carla/Scenario/Accident_Town03_Route24816_Weather25,/home/kmw/Summer_Intership/Carla/Scenario/Accident_Town03_Route24816_Weather25/anno/00163.json.gz,4,LANEFOLLOW,4
Accident_Town03_Route24816_Weather25,/home/kmw/Summer_Intership/Carla/Scenario/Accident_Town03_Route24816_Weather25,/home/kmw/Summer_Intership/Carla/Scenario/Accident_Town03_Route24816_Weather25/anno/00164.json.gz,4,LANEFOLLOW,4
Accident_Town03_Route24816_Weather25,/home/kmw/Summer_Intership/Carla/Scenario/Accident_Town03_Route24816_Weather25,/home/kmw/Summer_Intership/Carla/Scenario/Accident_Town03_Route24816_Weather25/anno/00165.json.gz,4,LANEFOLLOW,4
Accident_Town03_Route24816_Weather25,/home/kmw/Summer_Intership/Carla/Scenario/Accident_Town03_Route24816_Weather25,/home/kmw/Summer_Intership/Carla/Scenario/Accident_Town03_Route24816_Weather25/anno/00166.json.gz,4,LANEFOLLOW,4
Accident_Town03_Route24816_Weather25,/home/kmw/Summer_Intership/Carla/Scenario/Accident_Town03_Route24816_Weather25,/home/kmw/Summer_Intership/Carla/Scenario/Accident_Town03_Route24816_Weather25/anno/00167.json.gz,4,LANEFOLLOW,4
Accident_Town03_Route24816_Weather25,/home/kmw/Summer_Intership/Carla/Scenario/Accident_Town03_Route24816_Weather25,/home/kmw/Summer_Intership/Carla/Scenario/Accident_Town03_Route24816_Weather25/anno/00168.json.gz,4,LANEFOLLOW,4
Accident_Town03_Route24816_Weather25,/home/kmw/Summer_Intership/Carla/Scenario/Accident_Town03_Route24816_Weather25,/home/kmw/Summer_Intership/Carla/Scenario/Accident_Town03_Route24816_Weather25/anno/00169.json.gz,4,LANEFOLLOW,4
Accident_Town03_Route24816_Weather25,/home/kmw/Summer_Intership/Carla/Scenario/Accident_Town03_Route24816_Weather25,/home/kmw/Summer_Intership/Carla/Scenario/Accident_Town03_Route24816_Weather25/anno/00170.json.gz,4,LANEFOLLOW,4
Accident_Town03_Route24816_Weather25,/home/kmw/Summer_Intership/Carla/Scenario/Accident_Town03_Route24816_Weather25,/home/kmw/Summer_Intership/Carla/Scenario/Accident_Town03_Route24816_Weather25/anno/00171.json.gz,4,LANEFOLLOW,4
Accident_Town03_Route24816_Weather25,/home/kmw/Summer_Intership/Carla/Scenario/Accident_Town03_Route24816_Weather25,/home/kmw/Summer_Intership/Carla/Scenario/Accident_Town03_Route24816_Weather25/anno/00172.json.gz,4,LANEFOLLOW,4
Accident_Town03_Route24816_Weather25,/home/kmw/Summer_Intership/Carla/Scenario/Accident_Town03_Route24816_Weather25,/home/kmw/Summer_Intership/Carla/Scenario/Accident_Town03_Route24816_Weather25/anno/00173.json.gz,4,LANEFOLLOW,4
Accident_Town03_Route24816_Weather25,/home/kmw/Summer_Intership/Carla/Scenario/Accident_Town03_Route24816_Weather25,/home/kmw/Summer_Intership/Carla/Scenario/Accident_Town03_Route24816_Weather25/anno/00174.json.gz,4,LANEFOLLOW,4
Accident_Town03_Route24816_Weather25,/home/kmw/Summer_Intership/Carla/Scenario/Accident_Town03_Route24816_Weather25,/home/kmw/Summer_Intership/Carla/Scenario/Accident_Town03_Route24816_Weather25/anno/00175.json.gz,4,LANEFOLLOW,4
Accident_Town03_Route24816_Weather25,/home/kmw/Summer_Intership/Carla/Scenario/Accident_Town03_Route24816_Weather25,/home/kmw/Summer_Intership/Carla/Scenario/Accident_Town03_Route24816_Weather25/anno/00176.json.gz,4,LANEFOLLOW,4
Accident_Town03_Route24816_Weather25,/home/kmw/Summer_Intership/Carla/Scenario/Accident_Town03_Route24816_Weather25,/home/kmw/Summer_Intership/Carla/Scenario/Accident_Town03_Route24816_Weather25/anno/00177.json.gz,4,LANEFOLLOW,4
Accident_Town03_Route24816_Weather25,/home/kmw/Summer_Intership/Carla/Scenario/Accident_Town03_Route24816_Weather25,/home/kmw/Summer_Intership/Carla/Scenario/Accident_Town03_Route24816_Weather25/anno/00178.json.gz,4,LANEFOLLOW,4
Accident_Town03_Route24816_Weather25,/home/kmw/Summer_Intership/Carla/Scenario/Accident_Town03_Route24816_Weather25,/home/kmw/Summer_Intership/Carla/Scenario/Accident_Town03_Route24816_Weather25/anno/00179.json.gz,4,LANEFOLLOW,4
Accident_Town03_Route24816_Weather25,/home/kmw/Summer_Intership/Carla/Scenario/Accident_Town03_Route24816_Weather25,/home/kmw/Summer_Intership/Carla/Scenario/Accident_Town03_Route24816_Weather25/anno/00180.json.gz,4,LANEFOLLOW,4
Accident_Town03_Route24816_Weather25,/home/kmw/Summer_Intership/Carla/Scenario/Accident_Town03_Route24816_Weather25,/home/kmw/Summer_Intership/Carla/Scenario/Accident_Town03_Route24816_Weather25/anno/00181.json.gz,4,LANEFOLLOW,4
Accident_Town03_Route24816_Weather25,/home/kmw/Summer_Intership/Carla/Scenario/Accident_Town03_Route24816_Weather25,/home/kmw/Summer_Intership/Carla/Scenario/Accident_Town03_Route24816_Weather25/anno/00182.json.gz,4,LANEFOLLOW,4
Accident_Town03_Route24816_Weather25,/home/kmw/Summer_Intership/Carla/Scenario/Accident_Town03_Route24816_Weather25,/home/kmw/Summer_Intership/Carla/Scenario/Accident_Town03_Route24816_Weather25/anno/00183.json.gz,4,LANEFOLLOW,4
Accident_Town03_Route24816_Weather25,/home/kmw/Summer_Intership/Carla/Scenario/Accident_Town03_Route24816_Weather25,/home/kmw/Summer_Intership/Carla/Scenario/Accident_Town03_Route24816_Weather25/anno/00184.json.gz,4,LANEFOLLOW,4
Accident_Town03_Route24816_Weather25,/home/kmw/Summer_Intership/Carla/Scenario/Accident_Town03_Route24816_Weather25,/home/kmw/Summer_Intership/Carla/Scenario/Accident_Town03_Route24816_Weather25/anno/00185.json.gz,4,LANEFOLLOW,4
Accident_Town03_Route24816_Weather25,/home/kmw/Summer_Intership/Carla/Scenario/Accident_Town03_Route24816_Weather25,/home/kmw/Summer_Intership/Carla/Scenario/Accident_Town03_Route24816_Weather25/anno/00186.json.gz,4,LANEFOLLOW,4
Accident_Town03_Route24816_Weather25,/home/kmw/Summer_Intership/Carla/Scenario/Accident_Town03_Route24816_Weather25,/home/kmw/Summer_Intership/Carla/Scenario/Accident_Town03_Route24816_Weather25/anno/00187.json.gz,4,LANEFOLLOW,4
Accident_Town03_Route24816_Weather25,/home/kmw/Summer_Intership/Carla/Scenario/Accident_Town03_Route24816_Weather25,/home/kmw/Summer_Intership/Carla/Scenario/Accident_Town03_Route24816_Weather25/anno/00188.json.gz,4,LANEFOLLOW,4
Accident_Town03_Route24816_Weather25,/home/kmw/Summer_Intership/Carla/Scenario/Accident_Town03_Route24816_Weather25,/home/kmw/Summer_Intership/Carla/Scenario/Accident_Town03_Route24816_Weather25/anno/00189.json.gz,4,LANEFOLLOW,4
Accident_Town03_Route24816_Weather25,/home/kmw/Summer_Intership/Carla/Scenario/Accident_Town03_Route24816_Weather25,/home/kmw/Summer_Intership/Carla/Scenario/Accident_Town03_Route24816_Weather25/anno/00190.json.gz,4,LANEFOLLOW,4
Accident_Town03_Route24816_Weather25,/home/kmw/Summer_Intership/Carla/Scenario/Accident_Town03_Route24816_Weather25,/home/kmw/Summer_Intership/Carla/Scenario/Accident_Town03_Route24816_Weather25/anno/00191.json.gz,4,LANEFOLLOW,4
Accident_Town03_Route24816_Weather25,/home/kmw/Summer_Intership/Carla/Scenario/Accident_Town03_Route24816_Weather25,/home/kmw/Summer_Intership/Carla/Scenario/Accident_Town03_Route24816_Weather25/anno/00192.json.gz,4,LANEFOLLOW,4
Accident_Town03_Route24816_Weather25,/home/kmw/Summer_Intership/Carla/Scenario/Accident_Town03_Route24816_Weather25,/home/kmw/Summer_Intership/Carla/Scenario/Accident_Town03_Route24816_Weather25/anno/00193.json.gz,4,LANEFOLLOW,4
Accident_Town03_Route24816_Weather25,/home/kmw/Summer_Intership/Carla/Scenario/Accident_Town03_Route24816_Weather25,/home/kmw/Summer_Intership/Carla/Scenario/Accident_Town03_Route24816_Weather25/anno/00194.json.gz,4,LANEFOLLOW,4
Accident_Town03_Route24816_Weather25,/home/kmw/Summer_Intership/Carla/Scenario/Accident_Town03_Route24816_Weather25,/home/kmw/Summer_Intership/Carla/Scenario/Accident_Town03_Route24816_Weather25/anno/00195.json.gz,4,LANEFOLLOW,4
Accident_Town03_Route24816_Weather25,/home/kmw/Summer_Intership/Carla/Scenario/Accident_Town03_Route24816_Weather25,/home/kmw/Summer_Intership/Carla/Scenario/Accident_Town03_Route24816_Weather25/anno/00196.json.gz,4,LANEFOLLOW,4
Accident_Town03_Route24816_Weather25,/home/kmw/Summer_Intership/Carla/Scenario/Accident_Town03_Route24816_Weather25,/home/kmw/Summer_Intership/Carla/Scenario/Accident_Town03_Route24816_Weather25/anno/00197.json.gz,4,LANEFOLLOW,4
Accident_Town03_Route24816_Weather25,/home/kmw/Summer_Intership/Carla/Scenario/Accident_Town03_Route24816_Weather25,/home/kmw/Summer_Intership/Carla/Scenario/Accident_Town03_Route24816_Weather25/anno/00198.json.gz,4,LANEFOLLOW,4
Accident_Town03_Route24816_Weather25,/home/kmw/Summer_Intership/Carla/Scenario/Accident_Town03_Route24816_Weather25,/home/kmw/Summer_Intership/Carla/Scenario/Accident_Town03_Route24816_Weather25/anno/00199.json.gz,4,LANEFOLLOW,4
Accident_Town03_Route24816_Weather25,/home/kmw/Summer_Intership/Carla/Scenario/Accident_Town03_Route24816_Weather25,/home/kmw/Summer_Intership/Carla/Scenario/Accident_Town03_Route24816_Weather25/anno/00200.json.gz,4,LANEFOLLOW,4
Accident_Town03_Route24816_Weather25,/home/kmw/Summer_Intership/Carla/Scenario/Accident_Town03_Route24816_Weather25,/home/kmw/Summer_Intership/Carla/Scenario/Accident_Town03_Route24816_Weather25/anno/00201.json.gz,4,LANEFOLLOW,4
Accident_Town03_Route24816_Weather25,/home/kmw/Summer_Intership/Carla/Scenario/Accident_Town03_Route24816_Weather25,/home/kmw/Summer_Intership/Carla/Scenario/Accident_Town03_Route24816_Weather25/anno/00202.json.gz,4,LANEFOLLOW,4
Accident_Town03_Route24816_Weather25,/home/kmw/Summer_Intership/Carla/Scenario/Accident_Town03_Route24816_Weather25,/home/kmw/Summer_Intership/Carla/Scenario/Accident_Town03_Route24816_Weather25/anno/00203.json.gz,4,LANEFOLLOW,4
Accident_Town03_Route24816_Weather25,/home/kmw/Summer_Intership/Carla/Scenario/Accident_Town03_Route24816_Weather25,/home/kmw/Summer_Intership/Carla/Scenario/Accident_Town03_Route24816_Weather25/anno/00204.json.gz,4,LANEFOLLOW,4
Accident_Town03_Route24816_Weather25,/home/kmw/Summer_Intership/Carla/Scenario/Accident_Town03_Route24816_Weather25,/home/kmw/Summer_Intership/Carla/Scenario/Accident_Town03_Route24816_Weather25/anno/00205.json.gz,4,LANEFOLLOW,4
Accident_Town03_Route24816_Weather25,/home/kmw/Summer_Intership/Carla/Scenario/Accident_Town03_Route24816_Weather25,/home/kmw/Summer_Intership/Carla/Scenario/Accident_Town03_Route24816_Weather25/anno/00206.json.gz,4,LANEFOLLOW,4
Accident_Town03_Route24816_Weather25,/home/kmw/Summer_Intership/Carla/Scenario/Accident_Town03_Route24816_Weather25,/home/kmw/Summer_Intership/Carla/Scenario/Accident_Town03_Route24816_Weather25/anno/00207.json.gz,4,LANEFOLLOW,4
