filename,source,sampling_weight
AccidentTwoWays_Town12_Route1845_Weather19.tar.gz,base_replay,0.0008
AccidentTwoWays_Town12_Route1848_Weather22.tar.gz,base_replay,0.0008
AccidentTwoWays_Town13_Route1125_Weather25.tar.gz,base_replay,0.0008
AccidentTwoWays_Town13_Route1247_Weather6.tar.gz,base_replay,0.0008
AccidentTwoWays_Town13_Route30362_Weather12.tar.gz,base_replay,0.0008
AccidentTwoWays_Town13_Route30400_Weather3.tar.gz,base_replay,0.0008
AccidentTwoWays_Town13_Route30406_Weather10.tar.gz,base_replay,0.0008
AccidentTwoWays_Town13_Route30420_Weather0.tar.gz,base_replay,0.0008
AccidentTwoWays_Town13_Route30454_Weather12.tar.gz,base_replay,0.0008
AccidentTwoWays_Town13_Route30511_Weather26.tar.gz,base_replay,0.0008
AccidentTwoWays_Town13_Route30523_Weather12.tar.gz,base_replay,0.0008
AccidentTwoWays_Town13_Route30540_Weather6.tar.gz,base_replay,0.0008
AccidentTwoWays_Town13_Route3414_Weather3.tar.gz,base_replay,0.0008
Accident_Town12_Route1757_Weather9.tar.gz,base_replay,0.0008
Accident_Town12_Route19074_Weather15.tar.gz,base_replay,0.0008
Accident_Town12_Route19107_Weather22.tar.gz,base_replay,0.0008
Accident_Town12_Route19142_Weather5.tar.gz,base_replay,0.0008
Accident_Town12_Route19155_Weather18.tar.gz,base_replay,0.0008
Accident_Town12_Route19189_Weather0.tar.gz,base_replay,0.0008
Accident_Town12_Route19218_Weather3.tar.gz,base_replay,0.0008
Accident_Town12_Route19281_Weather14.tar.gz,base_replay,0.0008
BlockedIntersection_Town03_Route27350_Weather2.tar.gz,base_replay,0.0008
BlockedIntersection_Town03_Route27355_Weather8.tar.gz,base_replay,0.0008
BlockedIntersection_Town03_Route27380_Weather10.tar.gz,base_replay,0.0008
BlockedIntersection_Town03_Route27400_Weather7.tar.gz,base_replay,0.0008
BlockedIntersection_Town05_Route27516_Weather8.tar.gz,base_replay,0.0008
BlockedIntersection_Town11_Route27547_Weather18.tar.gz,base_replay,0.0008
BlockedIntersection_Town12_Route12465_Weather14.tar.gz,base_replay,0.0008
BlockedIntersection_Town12_Route12476_Weather25.tar.gz,base_replay,0.0008
BlockedIntersection_Town12_Route12485_Weather8.tar.gz,base_replay,0.0008
BlockedIntersection_Town12_Route12535_Weather6.tar.gz,base_replay,0.0008
BlockedIntersection_Town12_Route12570_Weather15.tar.gz,base_replay,0.0008
BlockedIntersection_Town12_Route12586_Weather5.tar.gz,base_replay,0.0008
BlockedIntersection_Town12_Route12595_Weather14.tar.gz,base_replay,0.0008
BlockedIntersection_Town12_Route12599_Weather18.tar.gz,base_replay,0.0008
BlockedIntersection_Town12_Route12644_Weather11.tar.gz,base_replay,0.0008
BlockedIntersection_Town12_Route12688_Weather3.tar.gz,base_replay,0.0008
BlockedIntersection_Town12_Route12695_Weather10.tar.gz,base_replay,0.0008
BlockedIntersection_Town12_Route12704_Weather19.tar.gz,base_replay,0.0008
BlockedIntersection_Town12_Route12803_Weather14.tar.gz,base_replay,0.0008
BlockedIntersection_Town12_Route12945_Weather0.tar.gz,base_replay,0.0008
BlockedIntersection_Town12_Route12954_Weather9.tar.gz,base_replay,0.0008
BlockedIntersection_Town12_Route12969_Weather23.tar.gz,base_replay,0.0008
BlockedIntersection_Town12_Route13017_Weather20.tar.gz,base_replay,0.0008
BlockedIntersection_Town12_Route13037_Weather14.tar.gz,base_replay,0.0008
BlockedIntersection_Town12_Route13085_Weather10.tar.gz,base_replay,0.0008
BlockedIntersection_Town12_Route13093_Weather18.tar.gz,base_replay,0.0008
BlockedIntersection_Town12_Route13127_Weather0.tar.gz,base_replay,0.0008
BlockedIntersection_Town12_Route13139_Weather12.tar.gz,base_replay,0.0008
BlockedIntersection_Town12_Route13161_Weather8.tar.gz,base_replay,0.0008
BlockedIntersection_Town12_Route13207_Weather2.tar.gz,base_replay,0.0008
BlockedIntersection_Town12_Route13213_Weather8.tar.gz,base_replay,0.0008
BlockedIntersection_Town12_Route13223_Weather18.tar.gz,base_replay,0.0008
BlockedIntersection_Town12_Route13229_Weather23.tar.gz,base_replay,0.0008
BlockedIntersection_Town12_Route13244_Weather13.tar.gz,base_replay,0.0008
BlockedIntersection_Town12_Route13247_Weather8.tar.gz,base_replay,0.0008
BlockedIntersection_Town12_Route13255_Weather23.tar.gz,base_replay,0.0008
BlockedIntersection_Town12_Route13259_Weather2.tar.gz,base_replay,0.0008
BlockedIntersection_Town12_Route13267_Weather10.tar.gz,base_replay,0.0008
BlockedIntersection_Town12_Route13321_Weather12.tar.gz,base_replay,0.0008
BlockedIntersection_Town12_Route13328_Weather19.tar.gz,base_replay,0.0008
BlockedIntersection_Town12_Route13338_Weather3.tar.gz,base_replay,0.0008
BlockedIntersection_Town12_Route13370_Weather9.tar.gz,base_replay,0.0008
BlockedIntersection_Town12_Route13428_Weather15.tar.gz,base_replay,0.0008
BlockedIntersection_Town12_Route2205_Weather15.tar.gz,base_replay,0.0008
BlockedIntersection_Town12_Route2989_Weather19.tar.gz,base_replay,0.0008
BlockedIntersection_Town12_Route2990_Weather20.tar.gz,base_replay,0.0008
BlockedIntersection_Town15_Route27343_Weather21.tar.gz,base_replay,0.0008
BlockedIntersection_Town15_Route27348_Weather0.tar.gz,base_replay,0.0008
ConstructionObstacleTwoWays_Town12_Route1825_Weather25.tar.gz,base_replay,0.0008
ConstructionObstacleTwoWays_Town12_Route1833_Weather7.tar.gz,base_replay,0.0008
ConstructionObstacleTwoWays_Town13_Route29367_Weather6.tar.gz,base_replay,0.0008
ConstructionObstacleTwoWays_Town13_Route29392_Weather8.tar.gz,base_replay,0.0008
ConstructionObstacleTwoWays_Town13_Route29607_Weather18.tar.gz,base_replay,0.0008
ConstructionObstacleTwoWays_Town13_Route29929_Weather18.tar.gz,base_replay,0.0008
ConstructionObstacle_Town12_Route1737_Weather15.tar.gz,base_replay,0.0008
ConstructionObstacle_Town12_Route18391_Weather8.tar.gz,base_replay,0.0008
ConstructionObstacle_Town12_Route18405_Weather22.tar.gz,base_replay,0.0008
ConstructionObstacle_Town12_Route18456_Weather21.tar.gz,base_replay,0.0008
ConstructionObstacle_Town12_Route18530_Weather9.tar.gz,base_replay,0.0008
ConstructionObstacle_Town12_Route18532_Weather19.tar.gz,base_replay,0.0008
ConstructionObstacle_Town12_Route18554_Weather15.tar.gz,base_replay,0.0008
ConstructionObstacle_Town12_Route18628_Weather11.tar.gz,base_replay,0.0008
ConstructionObstacle_Town12_Route18629_Weather12.tar.gz,base_replay,0.0008
ConstructionObstacle_Town12_Route18678_Weather9.tar.gz,base_replay,0.0008
ConstructionObstacle_Town12_Route18684_Weather15.tar.gz,base_replay,0.0008
ConstructionObstacle_Town12_Route18701_Weather6.tar.gz,base_replay,0.0008
ConstructionObstacle_Town12_Route18737_Weather8.tar.gz,base_replay,0.0008
CrossingBicycleFlow_Town12_Route35371_Weather0.tar.gz,base_replay,0.0008
CrossingBicycleFlow_Town12_Route35527_Weather2.tar.gz,base_replay,0.0008
CrossingBicycleFlow_Town12_Route35545_Weather3.tar.gz,base_replay,0.0008
CrossingBicycleFlow_Town12_Route35594_Weather3.tar.gz,base_replay,0.0008
CrossingBicycleFlow_Town12_Route35601_Weather3.tar.gz,base_replay,0.0008
CrossingBicycleFlow_Town12_Route36576_Weather23.tar.gz,base_replay,0.0008
CrossingBicycleFlow_Town12_Route36587_Weather23.tar.gz,base_replay,0.0008
DynamicObjectCrossing_Town11_Route24322_Weather11.tar.gz,base_replay,0.0008
DynamicObjectCrossing_Town11_Route24332_Weather23.tar.gz,base_replay,0.0008
DynamicObjectCrossing_Town12_Route17715_Weather8.tar.gz,base_replay,0.0008
DynamicObjectCrossing_Town12_Route17719_Weather12.tar.gz,base_replay,0.0008
DynamicObjectCrossing_Town12_Route17724_Weather9.tar.gz,base_replay,0.0008
DynamicObjectCrossing_Town12_Route17737_Weather3.tar.gz,base_replay,0.0008
DynamicObjectCrossing_Town12_Route17777_Weather18.tar.gz,base_replay,0.0008
DynamicObjectCrossing_Town12_Route17819_Weather8.tar.gz,base_replay,0.0008
DynamicObjectCrossing_Town12_Route17834_Weather23.tar.gz,base_replay,0.0008
DynamicObjectCrossing_Town12_Route17855_Weather18.tar.gz,base_replay,0.0008
DynamicObjectCrossing_Town12_Route17885_Weather22.tar.gz,base_replay,0.0008
DynamicObjectCrossing_Town12_Route17958_Weather9.tar.gz,base_replay,0.0008
DynamicObjectCrossing_Town12_Route18154_Weather5.tar.gz,base_replay,0.0008
DynamicObjectCrossing_Town13_Route3226_Weather23.tar.gz,base_replay,0.0008
EnterActorFlow_Town03_Route27235_Weather2.tar.gz,base_replay,0.0008
EnterActorFlow_Town04_Route27349_Weather1.tar.gz,base_replay,0.0008
EnterActorFlow_Town12_Route11706_Weather9.tar.gz,base_replay,0.0008
EnterActorFlow_Town12_Route11716_Weather19.tar.gz,base_replay,0.0008
EnterActorFlow_Town12_Route11867_Weather14.tar.gz,base_replay,0.0008
EnterActorFlow_Town12_Route11894_Weather15.tar.gz,base_replay,0.0008
EnterActorFlow_Town12_Route11937_Weather6.tar.gz,base_replay,0.0008
EnterActorFlow_Town12_Route11964_Weather7.tar.gz,base_replay,0.0008
EnterActorFlow_Town12_Route11973_Weather8.tar.gz,base_replay,0.0008
EnterActorFlow_Town12_Route12102_Weather15.tar.gz,base_replay,0.0008
EnterActorFlow_Town12_Route12155_Weather8.tar.gz,base_replay,0.0008
EnterActorFlow_Town12_Route12194_Weather3.tar.gz,base_replay,0.0008
EnterActorFlow_Town12_Route12231_Weather14.tar.gz,base_replay,0.0008
EnterActorFlow_Town12_Route12259_Weather8.tar.gz,base_replay,0.0008
EnterActorFlow_Town12_Route12307_Weather12.tar.gz,base_replay,0.0008
EnterActorFlow_Town12_Route12309_Weather14.tar.gz,base_replay,0.0008
EnterActorFlow_Town12_Route12321_Weather0.tar.gz,base_replay,0.0008
EnterActorFlow_Town12_Route12338_Weather9.tar.gz,base_replay,0.0008
EnterActorFlow_Town13_Route3756_Weather7.tar.gz,base_replay,0.0008
HardBreakRoute_Town03_Route26484_Weather11.tar.gz,base_replay,0.0008
HardBreakRoute_Town03_Route26521_Weather1.tar.gz,base_replay,0.0008
HardBreakRoute_Town04_Route26490_Weather19.tar.gz,base_replay,0.0008
HardBreakRoute_Town05_Route26646_Weather12.tar.gz,base_replay,0.0008
HardBreakRoute_Town12_Route1966_Weather10.tar.gz,base_replay,0.0008
HardBreakRoute_Town12_Route22633_Weather12.tar.gz,base_replay,0.0008
HardBreakRoute_Town12_Route22673_Weather0.tar.gz,base_replay,0.0008
HardBreakRoute_Town12_Route22701_Weather2.tar.gz,base_replay,0.0008
HardBreakRoute_Town12_Route22717_Weather18.tar.gz,base_replay,0.0008
HardBreakRoute_Town12_Route22798_Weather21.tar.gz,base_replay,0.0008
HardBreakRoute_Town12_Route22816_Weather13.tar.gz,base_replay,0.0008
HardBreakRoute_Town12_Route22818_Weather15.tar.gz,base_replay,0.0008
HardBreakRoute_Town12_Route22834_Weather5.tar.gz,base_replay,0.0008
HardBreakRoute_Town12_Route22864_Weather9.tar.gz,base_replay,0.0008
HardBreakRoute_Town12_Route22874_Weather19.tar.gz,base_replay,0.0008
HardBreakRoute_Town12_Route22881_Weather0.tar.gz,base_replay,0.0008
HardBreakRoute_Town12_Route22882_Weather1.tar.gz,base_replay,0.0008
HardBreakRoute_Town12_Route22886_Weather5.tar.gz,base_replay,0.0008
HardBreakRoute_Town12_Route22895_Weather14.tar.gz,base_replay,0.0008
HardBreakRoute_Town12_Route22900_Weather19.tar.gz,base_replay,0.0008
HardBreakRoute_Town12_Route23010_Weather25.tar.gz,base_replay,0.0008
HardBreakRoute_Town12_Route23099_Weather10.tar.gz,base_replay,0.0008
HardBreakRoute_Town12_Route2758_Weather22.tar.gz,base_replay,0.0008
HardBreakRoute_Town15_Route26688_Weather8.tar.gz,base_replay,0.0008
HardBreakRoute_Town15_Route26698_Weather20.tar.gz,base_replay,0.0008
HazardAtSideLaneTwoWays_Town05_Route25948_Weather3.tar.gz,base_replay,0.0008
HazardAtSideLaneTwoWays_Town07_Route24278_Weather13.tar.gz,base_replay,0.0008
HazardAtSideLaneTwoWays_Town12_Route21026_Weather9.tar.gz,base_replay,0.0008
HazardAtSideLaneTwoWays_Town12_Route21094_Weather7.tar.gz,base_replay,0.0008
HazardAtSideLaneTwoWays_Town12_Route21114_Weather1.tar.gz,base_replay,0.0008
HazardAtSideLaneTwoWays_Town12_Route21170_Weather5.tar.gz,base_replay,0.0008
HazardAtSideLaneTwoWays_Town12_Route21179_Weather14.tar.gz,base_replay,0.0008
HazardAtSideLaneTwoWays_Town12_Route21185_Weather20.tar.gz,base_replay,0.0008
HazardAtSideLaneTwoWays_Town12_Route21199_Weather8.tar.gz,base_replay,0.0008
HazardAtSideLaneTwoWays_Town12_Route21263_Weather20.tar.gz,base_replay,0.0008
HazardAtSideLaneTwoWays_Town12_Route21316_Weather21.tar.gz,base_replay,0.0008
HazardAtSideLaneTwoWays_Town12_Route21323_Weather2.tar.gz,base_replay,0.0008
HazardAtSideLaneTwoWays_Town12_Route21342_Weather21.tar.gz,base_replay,0.0008
HazardAtSideLaneTwoWays_Town12_Route21411_Weather12.tar.gz,base_replay,0.0008
HazardAtSideLaneTwoWays_Town12_Route21435_Weather10.tar.gz,base_replay,0.0008
HazardAtSideLaneTwoWays_Town12_Route21447_Weather22.tar.gz,base_replay,0.0008
HazardAtSideLaneTwoWays_Town12_Route21450_Weather25.tar.gz,base_replay,0.0008
HazardAtSideLaneTwoWays_Town12_Route21468_Weather9.tar.gz,base_replay,0.0008
HazardAtSideLaneTwoWays_Town12_Route21472_Weather21.tar.gz,base_replay,0.0008
HazardAtSideLaneTwoWays_Town12_Route21492_Weather15.tar.gz,base_replay,0.0008
HazardAtSideLane_Town13_Route28395_Weather26.tar.gz,base_replay,0.0008
HazardAtSideLane_Town13_Route28498_Weather11.tar.gz,base_replay,0.0008
HazardAtSideLane_Town13_Route28519_Weather9.tar.gz,base_replay,0.0008
HazardAtSideLane_Town13_Route323_Weather1.tar.gz,base_replay,0.0008
HighwayCutIn_Town12_Route13454_Weather15.tar.gz,base_replay,0.0008
HighwayCutIn_Town12_Route23654_Weather25.tar.gz,base_replay,0.0008
HighwayCutIn_Town12_Route23869_Weather7.tar.gz,base_replay,0.0008
HighwayCutIn_Town12_Route23870_Weather8.tar.gz,base_replay,0.0008
HighwayCutIn_Town12_Route3076_Weather2.tar.gz,base_replay,0.0008
HighwayCutIn_Town13_Route23674_Weather21.tar.gz,base_replay,0.0008
HighwayCutIn_Town13_Route24015_Weather15.tar.gz,base_replay,0.0008
HighwayExit_Town12_Route3015_Weather19.tar.gz,base_replay,0.0008
HighwayExit_Town13_Route24075_Weather6.tar.gz,base_replay,0.0008
InterurbanActorFlow_Town12_Route23923_Weather15.tar.gz,base_replay,0.0008
InterurbanActorFlow_Town12_Route3027_Weather5.tar.gz,base_replay,0.0008
InterurbanAdvancedActorFlow_Town12_Route24078_Weather9.tar.gz,base_replay,0.0008
InvadingTurn_Town11_Route26460_Weather10.tar.gz,base_replay,0.0008
LaneChange_Town12_Route17551_Weather0.tar.gz,base_replay,0.0008
LaneChange_Town12_Route17609_Weather6.tar.gz,base_replay,0.0008
MergerIntoSlowTrafficV2_Town13_Route37622_Weather11.tar.gz,base_replay,0.0008
MergerIntoSlowTrafficV2_Town13_Route37696_Weather12.tar.gz,base_replay,0.0008
MergerIntoSlowTrafficV2_Town13_Route37712_Weather12.tar.gz,base_replay,0.0008
MergerIntoSlowTrafficV2_Town13_Route37789_Weather13.tar.gz,base_replay,0.0008
MergerIntoSlowTrafficV2_Town13_Route37800_Weather13.tar.gz,base_replay,0.0008
MergerIntoSlowTrafficV2_Town13_Route37803_Weather13.tar.gz,base_replay,0.0008
MergerIntoSlowTraffic_Town12_Route2274_Weather6.tar.gz,base_replay,0.0008
NoScenario_Town03_Route27685_Weather18.tar.gz,base_replay,0.0008
NoScenario_Town03_Route27695_Weather2.tar.gz,base_replay,0.0008
NoScenario_Town03_Route27800_Weather18.tar.gz,base_replay,0.0008
NoScenario_Town04_Route27709_Weather19.tar.gz,base_replay,0.0008
NoScenario_Town04_Route27862_Weather9.tar.gz,base_replay,0.0008
NoScenario_Town05_Route27987_Weather21.tar.gz,base_replay,0.0008
NoScenario_Town05_Route27996_Weather5.tar.gz,base_replay,0.0008
NoScenario_Town11_Route27687_Weather20.tar.gz,base_replay,0.0008
NoScenario_Town11_Route27861_Weather8.tar.gz,base_replay,0.0008
NoScenario_Town12_Route13636_Weather15.tar.gz,base_replay,0.0008
NoScenario_Town12_Route14816_Weather25.tar.gz,base_replay,0.0008
NoScenario_Town12_Route2072_Weather12.tar.gz,base_replay,0.0008
NoScenario_Town12_Route24007_Weather7.tar.gz,base_replay,0.0008
NoScenario_Town12_Route4708_Weather5.tar.gz,base_replay,0.0008
NoScenario_Town12_Route6164_Weather5.tar.gz,base_replay,0.0008
NoScenario_Town12_Route6474_Weather3.tar.gz,base_replay,0.0008
NoScenario_Town12_Route8812_Weather1.tar.gz,base_replay,0.0008
NoScenario_Town13_Route23759_Weather12.tar.gz,base_replay,0.0008
NoScenario_Town13_Route23938_Weather7.tar.gz,base_replay,0.0008
NoScenario_Town13_Route34686_Weather12.tar.gz,base_replay,0.0008
NoScenario_Town15_Route27663_Weather19.tar.gz,base_replay,0.0008
NonSignalizedJunctionLeftTurnEnterFlow_Town13_Route33684_Weather25.tar.gz,base_replay,0.0008
NonSignalizedJunctionLeftTurn_Town04_Route27069_Weather23.tar.gz,base_replay,0.0008
NonSignalizedJunctionLeftTurn_Town05_Route27146_Weather6.tar.gz,base_replay,0.0008
NonSignalizedJunctionLeftTurn_Town12_Route6924_Weather11.tar.gz,base_replay,0.0008
NonSignalizedJunctionLeftTurn_Town12_Route6930_Weather9.tar.gz,base_replay,0.0008
NonSignalizedJunctionLeftTurn_Town12_Route7172_Weather25.tar.gz,base_replay,0.0008
NonSignalizedJunctionLeftTurn_Town12_Route7485_Weather0.tar.gz,base_replay,0.0008
NonSignalizedJunctionLeftTurn_Town12_Route7597_Weather8.tar.gz,base_replay,0.0008
NonSignalizedJunctionRightTurn_Town11_Route27002_Weather26.tar.gz,base_replay,0.0008
NonSignalizedJunctionRightTurn_Town12_Route7835_Weather12.tar.gz,base_replay,0.0008
NonSignalizedJunctionRightTurn_Town12_Route7840_Weather9.tar.gz,base_replay,0.0008
NonSignalizedJunctionRightTurn_Town12_Route7955_Weather2.tar.gz,base_replay,0.0008
NonSignalizedJunctionRightTurn_Town12_Route8002_Weather23.tar.gz,base_replay,0.0008
NonSignalizedJunctionRightTurn_Town12_Route8142_Weather7.tar.gz,base_replay,0.0008
NonSignalizedJunctionRightTurn_Town12_Route8152_Weather9.tar.gz,base_replay,0.0008
NonSignalizedJunctionRightTurn_Town12_Route8170_Weather9.tar.gz,base_replay,0.0008
NonSignalizedJunctionRightTurn_Town12_Route8293_Weather2.tar.gz,base_replay,0.0008
NonSignalizedJunctionRightTurn_Town12_Route8319_Weather2.tar.gz,base_replay,0.0008
NonSignalizedJunctionRightTurn_Town12_Route8348_Weather5.tar.gz,base_replay,0.0008
OppositeVehicleRunningRedLight_Town04_Route26994_Weather15.tar.gz,base_replay,0.0008
OppositeVehicleRunningRedLight_Town12_Route2071_Weather11.tar.gz,base_replay,0.0008
OppositeVehicleRunningRedLight_Town12_Route5937_Weather12.tar.gz,base_replay,0.0008
OppositeVehicleRunningRedLight_Town12_Route5952_Weather1.tar.gz,base_replay,0.0008
OppositeVehicleRunningRedLight_Town12_Route5962_Weather11.tar.gz,base_replay,0.0008
OppositeVehicleRunningRedLight_Town12_Route5988_Weather11.tar.gz,base_replay,0.0008
OppositeVehicleRunningRedLight_Town12_Route6011_Weather8.tar.gz,base_replay,0.0008
OppositeVehicleRunningRedLight_Town12_Route6081_Weather0.tar.gz,base_replay,0.0008
OppositeVehicleRunningRedLight_Town12_Route6168_Weather9.tar.gz,base_replay,0.0008
OppositeVehicleRunningRedLight_Town12_Route6177_Weather18.tar.gz,base_replay,0.0008
OppositeVehicleRunningRedLight_Town12_Route6209_Weather23.tar.gz,base_replay,0.0008
OppositeVehicleRunningRedLight_Town12_Route6275_Weather12.tar.gz,base_replay,0.0008
OppositeVehicleRunningRedLight_Town12_Route6285_Weather22.tar.gz,base_replay,0.0008
OppositeVehicleRunningRedLight_Town12_Route6304_Weather15.tar.gz,base_replay,0.0008
OppositeVehicleRunningRedLight_Town12_Route6356_Weather15.tar.gz,base_replay,0.0008
OppositeVehicleRunningRedLight_Town12_Route6405_Weather12.tar.gz,base_replay,0.0008
OppositeVehicleRunningRedLight_Town12_Route6424_Weather5.tar.gz,base_replay,0.0008
OppositeVehicleRunningRedLight_Town12_Route6470_Weather25.tar.gz,base_replay,0.0008
OppositeVehicleRunningRedLight_Town12_Route6483_Weather12.tar.gz,base_replay,0.0008
OppositeVehicleRunningRedLight_Town12_Route6509_Weather12.tar.gz,base_replay,0.0008
OppositeVehicleRunningRedLight_Town12_Route6512_Weather15.tar.gz,base_replay,0.0008
OppositeVehicleRunningRedLight_Town12_Route6528_Weather5.tar.gz,base_replay,0.0008
OppositeVehicleRunningRedLight_Town12_Route6727_Weather22.tar.gz,base_replay,0.0008
OppositeVehicleRunningRedLight_Town13_Route3635_Weather8.tar.gz,base_replay,0.0008
OppositeVehicleRunningRedLight_Town15_Route27148_Weather8.tar.gz,base_replay,0.0008
OppositeVehicleTakingPriority_Town03_Route27145_Weather5.tar.gz,base_replay,0.0008
OppositeVehicleTakingPriority_Town12_Route2132_Weather20.tar.gz,base_replay,0.0008
OppositeVehicleTakingPriority_Town12_Route2912_Weather20.tar.gz,base_replay,0.0008
OppositeVehicleTakingPriority_Town12_Route2913_Weather21.tar.gz,base_replay,0.0008
OppositeVehicleTakingPriority_Town12_Route8450_Weather3.tar.gz,base_replay,0.0008
OppositeVehicleTakingPriority_Town12_Route8519_Weather20.tar.gz,base_replay,0.0008
OppositeVehicleTakingPriority_Town12_Route8522_Weather23.tar.gz,base_replay,0.0008
OppositeVehicleTakingPriority_Town12_Route8526_Weather1.tar.gz,base_replay,0.0008
OppositeVehicleTakingPriority_Town12_Route8552_Weather1.tar.gz,base_replay,0.0008
OppositeVehicleTakingPriority_Town12_Route8565_Weather14.tar.gz,base_replay,0.0008
OppositeVehicleTakingPriority_Town12_Route8568_Weather9.tar.gz,base_replay,0.0008
OppositeVehicleTakingPriority_Town12_Route8583_Weather6.tar.gz,base_replay,0.0008
OppositeVehicleTakingPriority_Town12_Route8586_Weather9.tar.gz,base_replay,0.0008
OppositeVehicleTakingPriority_Town12_Route8589_Weather12.tar.gz,base_replay,0.0008
OppositeVehicleTakingPriority_Town12_Route8604_Weather1.tar.gz,base_replay,0.0008
OppositeVehicleTakingPriority_Town12_Route8640_Weather11.tar.gz,base_replay,0.0008
OppositeVehicleTakingPriority_Town12_Route8700_Weather19.tar.gz,base_replay,0.0008
OppositeVehicleTakingPriority_Town12_Route8714_Weather7.tar.gz,base_replay,0.0008
OppositeVehicleTakingPriority_Town12_Route8820_Weather9.tar.gz,base_replay,0.0008
OppositeVehicleTakingPriority_Town12_Route8844_Weather7.tar.gz,base_replay,0.0008
OppositeVehicleTakingPriority_Town12_Route8848_Weather11.tar.gz,base_replay,0.0008
OppositeVehicleTakingPriority_Town12_Route8868_Weather5.tar.gz,base_replay,0.0008
OppositeVehicleTakingPriority_Town12_Route8890_Weather1.tar.gz,base_replay,0.0008
OppositeVehicleTakingPriority_Town12_Route8999_Weather6.tar.gz,base_replay,0.0008
OppositeVehicleTakingPriority_Town12_Route9027_Weather8.tar.gz,base_replay,0.0008
OppositeVehicleTakingPriority_Town12_Route9052_Weather7.tar.gz,base_replay,0.0008
OppositeVehicleTakingPriority_Town12_Route9079_Weather8.tar.gz,base_replay,0.0008
OppositeVehicleTakingPriority_Town12_Route9118_Weather21.tar.gz,base_replay,0.0008
OppositeVehicleTakingPriority_Town12_Route9128_Weather5.tar.gz,base_replay,0.0008
OppositeVehicleTakingPriority_Town12_Route9146_Weather23.tar.gz,base_replay,0.0008
OppositeVehicleTakingPriority_Town12_Route9231_Weather3.tar.gz,base_replay,0.0008
OppositeVehicleTakingPriority_Town12_Route9270_Weather9.tar.gz,base_replay,0.0008
OppositeVehicleTakingPriority_Town12_Route9303_Weather23.tar.gz,base_replay,0.0008
OppositeVehicleTakingPriority_Town12_Route9311_Weather6.tar.gz,base_replay,0.0008
OppositeVehicleTakingPriority_Town12_Route9345_Weather14.tar.gz,base_replay,0.0008
OppositeVehicleTakingPriority_Town12_Route9408_Weather25.tar.gz,base_replay,0.0008
OppositeVehicleTakingPriority_Town12_Route9419_Weather10.tar.gz,base_replay,0.0008
ParkedObstacleTwoWays_Town12_Route21502_Weather25.tar.gz,base_replay,0.0008
ParkedObstacleTwoWays_Town12_Route21552_Weather23.tar.gz,base_replay,0.0008
ParkedObstacle_Town06_Route24787_Weather18.tar.gz,base_replay,0.0008
ParkedObstacle_Town12_Route1776_Weather2.tar.gz,base_replay,0.0008
ParkedObstacle_Town12_Route19390_Weather19.tar.gz,base_replay,0.0008
ParkedObstacle_Town12_Route19435_Weather12.tar.gz,base_replay,0.0008
ParkedObstacle_Town12_Route19440_Weather9.tar.gz,base_replay,0.0008
ParkedObstacle_Town12_Route19450_Weather1.tar.gz,base_replay,0.0008
ParkedObstacle_Town12_Route19519_Weather18.tar.gz,base_replay,0.0008
ParkingCrossingPedestrian_Town02_Route24294_Weather6.tar.gz,base_replay,0.0008
ParkingCrossingPedestrian_Town03_Route24366_Weather9.tar.gz,base_replay,0.0008
ParkingCrossingPedestrian_Town12_Route18245_Weather18.tar.gz,base_replay,0.0008
ParkingCrossingPedestrian_Town12_Route18253_Weather0.tar.gz,base_replay,0.0008
ParkingCrossingPedestrian_Town12_Route18262_Weather9.tar.gz,base_replay,0.0008
ParkingCrossingPedestrian_Town12_Route18289_Weather10.tar.gz,base_replay,0.0008
ParkingCutIn_Town12_Route1723_Weather1.tar.gz,base_replay,0.0008
ParkingCutIn_Town12_Route18297_Weather18.tar.gz,base_replay,0.0008
ParkingCutIn_Town12_Route18304_Weather25.tar.gz,base_replay,0.0008
ParkingCutIn_Town12_Route18318_Weather13.tar.gz,base_replay,0.0008
ParkingCutIn_Town12_Route18319_Weather14.tar.gz,base_replay,0.0008
ParkingCutIn_Town12_Route18325_Weather20.tar.gz,base_replay,0.0008
ParkingCutIn_Town12_Route18350_Weather19.tar.gz,base_replay,0.0008
ParkingExit_Town12_Route22577_Weather8.tar.gz,base_replay,0.0008
ParkingExit_Town12_Route22629_Weather8.tar.gz,base_replay,0.0008
PedestrianCrossing_Town07_Route25863_Weather11.tar.gz,base_replay,0.0008
PedestrianCrossing_Town11_Route27617_Weather19.tar.gz,base_replay,0.0008
PedestrianCrossing_Town12_Route13485_Weather20.tar.gz,base_replay,0.0008
PedestrianCrossing_Town12_Route13518_Weather1.tar.gz,base_replay,0.0008
PedestrianCrossing_Town12_Route13543_Weather0.tar.gz,base_replay,0.0008
PedestrianCrossing_Town12_Route13585_Weather8.tar.gz,base_replay,0.0008
PedestrianCrossing_Town12_Route13697_Weather23.tar.gz,base_replay,0.0008
PedestrianCrossing_Town12_Route14172_Weather5.tar.gz,base_replay,0.0008
PedestrianCrossing_Town12_Route14198_Weather5.tar.gz,base_replay,0.0008
PedestrianCrossing_Town12_Route14257_Weather12.tar.gz,base_replay,0.0008
PedestrianCrossing_Town12_Route14368_Weather19.tar.gz,base_replay,0.0008
PedestrianCrossing_Town12_Route14369_Weather20.tar.gz,base_replay,0.0008
PedestrianCrossing_Town12_Route14379_Weather3.tar.gz,base_replay,0.0008
PedestrianCrossing_Town12_Route14446_Weather19.tar.gz,base_replay,0.0008
PedestrianCrossing_Town12_Route2336_Weather8.tar.gz,base_replay,0.0008
PedestrianCrossing_Town13_Route3841_Weather14.tar.gz,base_replay,0.0008
SignalizedJunctionLeftTurnEnterFlow_Town13_Route34447_Weather2.tar.gz,base_replay,0.0008
SignalizedJunctionLeftTurnEnterFlow_Town13_Route34515_Weather1.tar.gz,base_replay,0.0008
SignalizedJunctionLeftTurnEnterFlow_Town13_Route34579_Weather22.tar.gz,base_replay,0.0008
SignalizedJunctionLeftTurnEnterFlow_Town13_Route34601_Weather21.tar.gz,base_replay,0.0008
SignalizedJunctionLeftTurnEnterFlow_Town13_Route34667_Weather18.tar.gz,base_replay,0.0008
SignalizedJunctionLeftTurn_Town12_Route3936_Weather13.tar.gz,base_replay,0.0008
SignalizedJunctionLeftTurn_Town12_Route4422_Weather5.tar.gz,base_replay,0.0008
SignalizedJunctionLeftTurn_Town12_Route4646_Weather21.tar.gz,base_replay,0.0008
SignalizedJunctionLeftTurn_Town12_Route4648_Weather23.tar.gz,base_replay,0.0008
SignalizedJunctionLeftTurn_Town12_Route4691_Weather14.tar.gz,base_replay,0.0008
SignalizedJunctionLeftTurn_Town12_Route4883_Weather23.tar.gz,base_replay,0.0008
SignalizedJunctionRightTurn_Town12_Route4951_Weather14.tar.gz,base_replay,0.0008
SignalizedJunctionRightTurn_Town12_Route4959_Weather22.tar.gz,base_replay,0.0008
SignalizedJunctionRightTurn_Town12_Route5100_Weather7.tar.gz,base_replay,0.0008
SignalizedJunctionRightTurn_Town12_Route5186_Weather15.tar.gz,base_replay,0.0008
SignalizedJunctionRightTurn_Town12_Route5317_Weather8.tar.gz,base_replay,0.0008
SignalizedJunctionRightTurn_Town12_Route5507_Weather23.tar.gz,base_replay,0.0008
SignalizedJunctionRightTurn_Town12_Route5560_Weather25.tar.gz,base_replay,0.0008
SignalizedJunctionRightTurn_Town12_Route5694_Weather3.tar.gz,base_replay,0.0008
SignalizedJunctionRightTurn_Town12_Route5780_Weather11.tar.gz,base_replay,0.0008
SignalizedJunctionRightTurn_Town12_Route5876_Weather3.tar.gz,base_replay,0.0008
SignalizedJunctionRightTurn_Town13_Route3603_Weather10.tar.gz,base_replay,0.0008
StaticCutIn_Town05_Route26431_Weather3.tar.gz,base_replay,0.0008
StaticCutIn_Town12_Route22143_Weather8.tar.gz,base_replay,0.0008
StaticCutIn_Town12_Route22164_Weather11.tar.gz,base_replay,0.0008
StaticCutIn_Town12_Route22189_Weather10.tar.gz,base_replay,0.0008
StaticCutIn_Town12_Route22191_Weather12.tar.gz,base_replay,0.0008
StaticCutIn_Town12_Route22213_Weather8.tar.gz,base_replay,0.0008
StaticCutIn_Town12_Route22249_Weather18.tar.gz,base_replay,0.0008
StaticCutIn_Town12_Route22254_Weather23.tar.gz,base_replay,0.0008
StaticCutIn_Town12_Route22258_Weather1.tar.gz,base_replay,0.0008
StaticCutIn_Town12_Route22259_Weather2.tar.gz,base_replay,0.0008
StaticCutIn_Town12_Route22277_Weather20.tar.gz,base_replay,0.0008
StaticCutIn_Town12_Route22282_Weather25.tar.gz,base_replay,0.0008
StaticCutIn_Town12_Route22398_Weather11.tar.gz,base_replay,0.0008
StaticCutIn_Town12_Route22416_Weather3.tar.gz,base_replay,0.0008
StaticCutIn_Town12_Route22446_Weather7.tar.gz,base_replay,0.0008
StaticCutIn_Town12_Route22449_Weather10.tar.gz,base_replay,0.0008
StaticCutIn_Town12_Route22459_Weather20.tar.gz,base_replay,0.0008
StaticCutIn_Town12_Route22465_Weather0.tar.gz,base_replay,0.0008
StaticCutIn_Town12_Route22490_Weather25.tar.gz,base_replay,0.0008
StaticCutIn_Town12_Route22523_Weather6.tar.gz,base_replay,0.0008
StaticCutIn_Town12_Route22526_Weather9.tar.gz,base_replay,0.0008
StaticCutIn_Town12_Route22531_Weather14.tar.gz,base_replay,0.0008
StaticCutIn_Town12_Route22539_Weather22.tar.gz,base_replay,0.0008
StaticCutIn_Town12_Route22541_Weather23.tar.gz,base_replay,0.0008
TJunction_Town02_Route28046_Weather13.tar.gz,base_replay,0.0008
TJunction_Town02_Route28052_Weather21.tar.gz,base_replay,0.0008
TJunction_Town04_Route28009_Weather20.tar.gz,base_replay,0.0008
TJunction_Town04_Route28021_Weather7.tar.gz,base_replay,0.0008
TJunction_Town07_Route26402_Weather23.tar.gz,base_replay,0.0008
TJunction_Town10HD_Route28151_Weather2.tar.gz,base_replay,0.0008
TJunction_Town10HD_Route28157_Weather9.tar.gz,base_replay,0.0008
TJunction_Town11_Route27997_Weather6.tar.gz,base_replay,0.0008
TJunction_Town12_Route28258_Weather20.tar.gz,base_replay,0.0008
TJunction_Town12_Route28261_Weather23.tar.gz,base_replay,0.0008
VanillaNonSignalizedTurnEncounterStopsign_Town12_Route16557_Weather23.tar.gz,base_replay,0.0008
VanillaNonSignalizedTurnEncounterStopsign_Town12_Route16678_Weather15.tar.gz,base_replay,0.0008
VanillaNonSignalizedTurnEncounterStopsign_Town12_Route16693_Weather3.tar.gz,base_replay,0.0008
VanillaNonSignalizedTurnEncounterStopsign_Town12_Route16721_Weather6.tar.gz,base_replay,0.0008
VanillaNonSignalizedTurnEncounterStopsign_Town12_Route16752_Weather11.tar.gz,base_replay,0.0008
VanillaNonSignalizedTurnEncounterStopsign_Town12_Route16771_Weather3.tar.gz,base_replay,0.0008
VanillaNonSignalizedTurnEncounterStopsign_Town12_Route16781_Weather14.tar.gz,base_replay,0.0008
VanillaNonSignalizedTurnEncounterStopsign_Town12_Route16801_Weather8.tar.gz,base_replay,0.0008
VanillaNonSignalizedTurnEncounterStopsign_Town12_Route16805_Weather12.tar.gz,base_replay,0.0008
VanillaNonSignalizedTurnEncounterStopsign_Town12_Route2423_Weather25.tar.gz,base_replay,0.0008
VanillaNonSignalizedTurn_Town12_Route16477_Weather22.tar.gz,base_replay,0.0008
VanillaNonSignalizedTurn_Town12_Route16479_Weather23.tar.gz,base_replay,0.0008
VanillaNonSignalizedTurn_Town12_Route16522_Weather15.tar.gz,base_replay,0.0008
VanillaNonSignalizedTurn_Town12_Route16525_Weather18.tar.gz,base_replay,0.0008
VanillaNonSignalizedTurn_Town13_Route3889_Weather10.tar.gz,base_replay,0.0008
VanillaSignalizedTurnEncounterGreenLight_Town12_Route14540_Weather9.tar.gz,base_replay,0.0008
VanillaSignalizedTurnEncounterGreenLight_Town12_Route14587_Weather3.tar.gz,base_replay,0.0008
VanillaSignalizedTurnEncounterGreenLight_Town12_Route14643_Weather8.tar.gz,base_replay,0.0008
VanillaSignalizedTurnEncounterGreenLight_Town12_Route14645_Weather10.tar.gz,base_replay,0.0008
VanillaSignalizedTurnEncounterGreenLight_Town12_Route14709_Weather22.tar.gz,base_replay,0.0008
VanillaSignalizedTurnEncounterGreenLight_Town12_Route14750_Weather11.tar.gz,base_replay,0.0008
VanillaSignalizedTurnEncounterGreenLight_Town12_Route14757_Weather18.tar.gz,base_replay,0.0008
VanillaSignalizedTurnEncounterGreenLight_Town12_Route14762_Weather23.tar.gz,base_replay,0.0008
VanillaSignalizedTurnEncounterGreenLight_Town12_Route14794_Weather3.tar.gz,base_replay,0.0008
VanillaSignalizedTurnEncounterGreenLight_Town12_Route14867_Weather23.tar.gz,base_replay,0.0008
VanillaSignalizedTurnEncounterGreenLight_Town12_Route14905_Weather10.tar.gz,base_replay,0.0008
VanillaSignalizedTurnEncounterGreenLight_Town12_Route14920_Weather25.tar.gz,base_replay,0.0008
VanillaSignalizedTurnEncounterGreenLight_Town12_Route14978_Weather5.tar.gz,base_replay,0.0008
VanillaSignalizedTurnEncounterGreenLight_Town12_Route14996_Weather23.tar.gz,base_replay,0.0008
VanillaSignalizedTurnEncounterGreenLight_Town12_Route15023_Weather23.tar.gz,base_replay,0.0008
VanillaSignalizedTurnEncounterGreenLight_Town12_Route15043_Weather18.tar.gz,base_replay,0.0008
VanillaSignalizedTurnEncounterGreenLight_Town12_Route15090_Weather13.tar.gz,base_replay,0.0008
VanillaSignalizedTurnEncounterGreenLight_Town12_Route15104_Weather1.tar.gz,base_replay,0.0008
VanillaSignalizedTurnEncounterGreenLight_Town12_Route15145_Weather8.tar.gz,base_replay,0.0008
VanillaSignalizedTurnEncounterGreenLight_Town12_Route15159_Weather3.tar.gz,base_replay,0.0008
VanillaSignalizedTurnEncounterGreenLight_Town12_Route15174_Weather19.tar.gz,base_replay,0.0008
VanillaSignalizedTurnEncounterGreenLight_Town12_Route15178_Weather23.tar.gz,base_replay,0.0008
VanillaSignalizedTurnEncounterGreenLight_Town12_Route15218_Weather11.tar.gz,base_replay,0.0008
VanillaSignalizedTurnEncounterGreenLight_Town12_Route15271_Weather12.tar.gz,base_replay,0.0008
VanillaSignalizedTurnEncounterGreenLight_Town12_Route15272_Weather13.tar.gz,base_replay,0.0008
VanillaSignalizedTurnEncounterGreenLight_Town12_Route15311_Weather0.tar.gz,base_replay,0.0008
VanillaSignalizedTurnEncounterGreenLight_Town12_Route15334_Weather23.tar.gz,base_replay,0.0008
VanillaSignalizedTurnEncounterGreenLight_Town12_Route15381_Weather18.tar.gz,base_replay,0.0008
VanillaSignalizedTurnEncounterGreenLight_Town12_Route15408_Weather19.tar.gz,base_replay,0.0008
VanillaSignalizedTurnEncounterGreenLight_Town12_Route15415_Weather0.tar.gz,base_replay,0.0008
VanillaSignalizedTurnEncounterGreenLight_Town12_Route2352_Weather6.tar.gz,base_replay,0.0008
VanillaSignalizedTurnEncounterGreenLight_Town13_Route3862_Weather9.tar.gz,base_replay,0.0008
VanillaSignalizedTurnEncounterRedLight_Town12_Route15499_Weather6.tar.gz,base_replay,0.0008
VanillaSignalizedTurnEncounterRedLight_Town12_Route15522_Weather3.tar.gz,base_replay,0.0008
VanillaSignalizedTurnEncounterRedLight_Town12_Route15538_Weather19.tar.gz,base_replay,0.0008
VanillaSignalizedTurnEncounterRedLight_Town12_Route15580_Weather9.tar.gz,base_replay,0.0008
VanillaSignalizedTurnEncounterRedLight_Town12_Route15618_Weather21.tar.gz,base_replay,0.0008
VanillaSignalizedTurnEncounterRedLight_Town12_Route15619_Weather22.tar.gz,base_replay,0.0008
VanillaSignalizedTurnEncounterRedLight_Town12_Route15620_Weather23.tar.gz,base_replay,0.0008
VanillaSignalizedTurnEncounterRedLight_Town12_Route15651_Weather2.tar.gz,base_replay,0.0008
VanillaSignalizedTurnEncounterRedLight_Town12_Route15662_Weather13.tar.gz,base_replay,0.0008
VanillaSignalizedTurnEncounterRedLight_Town12_Route15671_Weather22.tar.gz,base_replay,0.0008
VanillaSignalizedTurnEncounterRedLight_Town12_Route15866_Weather9.tar.gz,base_replay,0.0008
VanillaSignalizedTurnEncounterRedLight_Town12_Route15891_Weather8.tar.gz,base_replay,0.0008
VanillaSignalizedTurnEncounterRedLight_Town12_Route15969_Weather8.tar.gz,base_replay,0.0008
VanillaSignalizedTurnEncounterRedLight_Town12_Route15987_Weather0.tar.gz,base_replay,0.0008
VanillaSignalizedTurnEncounterRedLight_Town12_Route15994_Weather7.tar.gz,base_replay,0.0008
VanillaSignalizedTurnEncounterRedLight_Town12_Route16016_Weather3.tar.gz,base_replay,0.0008
VanillaSignalizedTurnEncounterRedLight_Town12_Route16051_Weather12.tar.gz,base_replay,0.0008
VanillaSignalizedTurnEncounterRedLight_Town12_Route16053_Weather14.tar.gz,base_replay,0.0008
VanillaSignalizedTurnEncounterRedLight_Town12_Route16222_Weather1.tar.gz,base_replay,0.0008
VanillaSignalizedTurnEncounterRedLight_Town12_Route16281_Weather8.tar.gz,base_replay,0.0008
VanillaSignalizedTurnEncounterRedLight_Town12_Route16289_Weather8.tar.gz,base_replay,0.0008
VanillaSignalizedTurnEncounterRedLight_Town12_Route16353_Weather2.tar.gz,base_replay,0.0008
VanillaSignalizedTurnEncounterRedLight_Town12_Route2372_Weather0.tar.gz,base_replay,0.0008
VanillaSignalizedTurnEncounterRedLight_Town12_Route2380_Weather8.tar.gz,base_replay,0.0008
VanillaSignalizedTurnEncounterRedLight_Town12_Route2381_Weather9.tar.gz,base_replay,0.0008
VanillaSignalizedTurnEncounterRedLight_Town12_Route3154_Weather2.tar.gz,base_replay,0.0008
VanillaSignalizedTurnEncounterRedLight_Town13_Route3869_Weather8.tar.gz,base_replay,0.0008
VehicleOpensDoorTwoWays_Town12_Route21627_Weather20.tar.gz,base_replay,0.0008
VehicleTurningRoutePedestrian_Town12_Route10877_Weather12.tar.gz,base_replay,0.0008
VehicleTurningRoutePedestrian_Town12_Route10882_Weather9.tar.gz,base_replay,0.0008
VehicleTurningRoutePedestrian_Town12_Route10908_Weather9.tar.gz,base_replay,0.0008
VehicleTurningRoutePedestrian_Town12_Route10927_Weather10.tar.gz,base_replay,0.0008
VehicleTurningRoutePedestrian_Town12_Route10965_Weather22.tar.gz,base_replay,0.0008
VehicleTurningRoutePedestrian_Town12_Route10979_Weather10.tar.gz,base_replay,0.0008
VehicleTurningRoutePedestrian_Town12_Route11081_Weather8.tar.gz,base_replay,0.0008
VehicleTurningRoutePedestrian_Town12_Route11083_Weather10.tar.gz,base_replay,0.0008
VehicleTurningRoutePedestrian_Town12_Route11089_Weather8.tar.gz,base_replay,0.0008
VehicleTurningRoutePedestrian_Town12_Route11137_Weather12.tar.gz,base_replay,0.0008
VehicleTurningRoutePedestrian_Town12_Route11304_Weather23.tar.gz,base_replay,0.0008
VehicleTurningRoutePedestrian_Town12_Route11315_Weather8.tar.gz,base_replay,0.0008
VehicleTurningRoutePedestrian_Town12_Route11323_Weather8.tar.gz,base_replay,0.0008
VehicleTurningRoutePedestrian_Town12_Route11386_Weather1.tar.gz,base_replay,0.0008
VehicleTurningRoutePedestrian_Town12_Route2164_Weather0.tar.gz,base_replay,0.0008
VehicleTurningRoute_Town11_Route27212_Weather2.tar.gz,base_replay,0.0008
VehicleTurningRoute_Town12_Route9577_Weather12.tar.gz,base_replay,0.0008
VehicleTurningRoute_Town12_Route9590_Weather25.tar.gz,base_replay,0.0008
VehicleTurningRoute_Town12_Route9616_Weather25.tar.gz,base_replay,0.0008
VehicleTurningRoute_Town12_Route9685_Weather8.tar.gz,base_replay,0.0008
VehicleTurningRoute_Town12_Route9722_Weather1.tar.gz,base_replay,0.0008
VehicleTurningRoute_Town12_Route9724_Weather3.tar.gz,base_replay,0.0008
YieldToEmergencyVehicle_Town12_Route20674_Weather3.tar.gz,base_replay,0.0008
YieldToEmergencyVehicle_Town12_Route20728_Weather5.tar.gz,base_replay,0.0008
YieldToEmergencyVehicle_Town12_Route20766_Weather9.tar.gz,base_replay,0.0008
YieldToEmergencyVehicle_Town12_Route20793_Weather18.tar.gz,base_replay,0.0008
YieldToEmergencyVehicle_Town12_Route20854_Weather1.tar.gz,base_replay,0.0008
YieldToEmergencyVehicle_Town13_Route3371_Weather12.tar.gz,base_replay,0.0008
LaneChange_Town04_Route24315_Weather3.tar.gz,targeted_new,0.00182370820668693
LaneChange_Town04_Route24325_Weather14.tar.gz,targeted_new,0.00182370820668693
LaneChange_Town05_Route24259_Weather19.tar.gz,targeted_new,0.00182370820668693
LaneChange_Town05_Route24359_Weather1.tar.gz,targeted_new,0.00182370820668693
LaneChange_Town06_Route24237_Weather20.tar.gz,targeted_new,0.00182370820668693
LaneChange_Town06_Route24247_Weather5.tar.gz,targeted_new,0.00182370820668693
LaneChange_Town06_Route24277_Weather12.tar.gz,targeted_new,0.00182370820668693
LaneChange_Town10HD_Route24200_Weather3.tar.gz,targeted_new,0.00182370820668693
LaneChange_Town12_Route1644_Weather0.tar.gz,targeted_new,0.00182370820668693
LaneChange_Town12_Route1654_Weather10.tar.gz,targeted_new,0.00182370820668693
LaneChange_Town12_Route1656_Weather12.tar.gz,targeted_new,0.00182370820668693
LaneChange_Town12_Route1659_Weather15.tar.gz,targeted_new,0.00182370820668693
LaneChange_Town12_Route17553_Weather2.tar.gz,targeted_new,0.00182370820668693
LaneChange_Town12_Route17563_Weather12.tar.gz,targeted_new,0.00182370820668693
LaneChange_Town12_Route17569_Weather18.tar.gz,targeted_new,0.00182370820668693
LaneChange_Town12_Route17570_Weather19.tar.gz,targeted_new,0.00182370820668693
LaneChange_Town12_Route17572_Weather21.tar.gz,targeted_new,0.00182370820668693
LaneChange_Town12_Route17575_Weather23.tar.gz,targeted_new,0.00182370820668693
LaneChange_Town12_Route17578_Weather1.tar.gz,targeted_new,0.00182370820668693
LaneChange_Town12_Route17581_Weather3.tar.gz,targeted_new,0.00182370820668693
LaneChange_Town12_Route17587_Weather10.tar.gz,targeted_new,0.00182370820668693
LaneChange_Town12_Route17588_Weather11.tar.gz,targeted_new,0.00182370820668693
LaneChange_Town12_Route17598_Weather21.tar.gz,targeted_new,0.00182370820668693
LaneChange_Town12_Route17604_Weather1.tar.gz,targeted_new,0.00182370820668693
LaneChange_Town12_Route17611_Weather8.tar.gz,targeted_new,0.00182370820668693
LaneChange_Town12_Route17612_Weather9.tar.gz,targeted_new,0.00182370820668693
LaneChange_Town12_Route17614_Weather11.tar.gz,targeted_new,0.00182370820668693
LaneChange_Town12_Route17624_Weather21.tar.gz,targeted_new,0.00182370820668693
LaneChange_Town12_Route17629_Weather0.tar.gz,targeted_new,0.00182370820668693
LaneChange_Town12_Route17635_Weather6.tar.gz,targeted_new,0.00182370820668693
LaneChange_Town12_Route17646_Weather9.tar.gz,targeted_new,0.00182370820668693
LaneChange_Town12_Route17655_Weather0.tar.gz,targeted_new,0.00182370820668693
LaneChange_Town12_Route17663_Weather8.tar.gz,targeted_new,0.00182370820668693
LaneChange_Town12_Route17668_Weather13.tar.gz,targeted_new,0.00182370820668693
LaneChange_Town12_Route17671_Weather8.tar.gz,targeted_new,0.00182370820668693
LaneChange_Town12_Route17672_Weather9.tar.gz,targeted_new,0.00182370820668693
LaneChange_Town12_Route17689_Weather8.tar.gz,targeted_new,0.00182370820668693
LaneChange_Town12_Route17690_Weather9.tar.gz,targeted_new,0.00182370820668693
LaneChange_Town12_Route17691_Weather10.tar.gz,targeted_new,0.00182370820668693
LaneChange_Town12_Route17695_Weather14.tar.gz,targeted_new,0.00182370820668693
LaneChange_Town12_Route17707_Weather0.tar.gz,targeted_new,0.00182370820668693
LaneChange_Town12_Route2425_Weather1.tar.gz,targeted_new,0.00182370820668693
LaneChange_Town12_Route2427_Weather3.tar.gz,targeted_new,0.00182370820668693
LaneChange_Town12_Route2431_Weather7.tar.gz,targeted_new,0.00182370820668693
LaneChange_Town12_Route2432_Weather8.tar.gz,targeted_new,0.00182370820668693
LaneChange_Town12_Route2435_Weather11.tar.gz,targeted_new,0.00182370820668693
LaneChange_Town13_Route3207_Weather3.tar.gz,targeted_new,0.00182370820668693
LaneChange_Town13_Route3208_Weather5.tar.gz,targeted_new,0.00182370820668693
LaneChange_Town13_Route3217_Weather14.tar.gz,targeted_new,0.00182370820668693
LaneChange_Town15_Route24303_Weather15.tar.gz,targeted_new,0.00182370820668693
VanillaNonSignalizedTurnEncounterStopsign_Town12_Route16551_Weather18.tar.gz,targeted_new,0.00182370820668693
VanillaNonSignalizedTurnEncounterStopsign_Town12_Route16552_Weather19.tar.gz,targeted_new,0.00182370820668693
VanillaNonSignalizedTurnEncounterStopsign_Town12_Route16553_Weather20.tar.gz,targeted_new,0.00182370820668693
VanillaNonSignalizedTurnEncounterStopsign_Town12_Route16556_Weather23.tar.gz,targeted_new,0.00182370820668693
VanillaNonSignalizedTurnEncounterStopsign_Town12_Route16562_Weather3.tar.gz,targeted_new,0.00182370820668693
VanillaNonSignalizedTurnEncounterStopsign_Town12_Route16563_Weather3.tar.gz,targeted_new,0.00182370820668693
VanillaNonSignalizedTurnEncounterStopsign_Town12_Route16564_Weather5.tar.gz,targeted_new,0.00182370820668693
VanillaNonSignalizedTurnEncounterStopsign_Town12_Route16565_Weather6.tar.gz,targeted_new,0.00182370820668693
VanillaNonSignalizedTurnEncounterStopsign_Town12_Route16566_Weather7.tar.gz,targeted_new,0.00182370820668693
VanillaNonSignalizedTurnEncounterStopsign_Town12_Route16567_Weather8.tar.gz,targeted_new,0.00182370820668693
VanillaNonSignalizedTurnEncounterStopsign_Town12_Route16568_Weather9.tar.gz,targeted_new,0.00182370820668693
VanillaNonSignalizedTurnEncounterStopsign_Town12_Route16569_Weather10.tar.gz,targeted_new,0.00182370820668693
VanillaNonSignalizedTurnEncounterStopsign_Town12_Route16570_Weather11.tar.gz,targeted_new,0.00182370820668693
VanillaNonSignalizedTurnEncounterStopsign_Town12_Route16572_Weather13.tar.gz,targeted_new,0.00182370820668693
VanillaNonSignalizedTurnEncounterStopsign_Town12_Route16573_Weather14.tar.gz,targeted_new,0.00182370820668693
VanillaNonSignalizedTurnEncounterStopsign_Town12_Route16574_Weather15.tar.gz,targeted_new,0.00182370820668693
VanillaNonSignalizedTurnEncounterStopsign_Town12_Route16575_Weather8.tar.gz,targeted_new,0.00182370820668693
VanillaNonSignalizedTurnEncounterStopsign_Town12_Route16576_Weather9.tar.gz,targeted_new,0.00182370820668693
VanillaNonSignalizedTurnEncounterStopsign_Town12_Route16577_Weather18.tar.gz,targeted_new,0.00182370820668693
VanillaNonSignalizedTurnEncounterStopsign_Town12_Route16580_Weather21.tar.gz,targeted_new,0.00182370820668693
VanillaNonSignalizedTurnEncounterStopsign_Town12_Route16581_Weather22.tar.gz,targeted_new,0.00182370820668693
VanillaNonSignalizedTurnEncounterStopsign_Town12_Route16582_Weather23.tar.gz,targeted_new,0.00182370820668693
VanillaNonSignalizedTurnEncounterStopsign_Town12_Route16583_Weather23.tar.gz,targeted_new,0.00182370820668693
VanillaNonSignalizedTurnEncounterStopsign_Town12_Route16585_Weather0.tar.gz,targeted_new,0.00182370820668693
VanillaNonSignalizedTurnEncounterStopsign_Town12_Route16586_Weather1.tar.gz,targeted_new,0.00182370820668693
VanillaNonSignalizedTurnEncounterStopsign_Town12_Route16588_Weather3.tar.gz,targeted_new,0.00182370820668693
VanillaNonSignalizedTurnEncounterStopsign_Town12_Route16590_Weather5.tar.gz,targeted_new,0.00182370820668693
VanillaNonSignalizedTurnEncounterStopsign_Town12_Route16591_Weather6.tar.gz,targeted_new,0.00182370820668693
VanillaNonSignalizedTurnEncounterStopsign_Town12_Route16592_Weather7.tar.gz,targeted_new,0.00182370820668693
VanillaNonSignalizedTurnEncounterStopsign_Town12_Route16593_Weather8.tar.gz,targeted_new,0.00182370820668693
VanillaNonSignalizedTurnEncounterStopsign_Town12_Route16594_Weather9.tar.gz,targeted_new,0.00182370820668693
VanillaNonSignalizedTurnEncounterStopsign_Town12_Route16595_Weather10.tar.gz,targeted_new,0.00182370820668693
VanillaNonSignalizedTurnEncounterStopsign_Town12_Route16596_Weather11.tar.gz,targeted_new,0.00182370820668693
VanillaNonSignalizedTurnEncounterStopsign_Town12_Route16597_Weather12.tar.gz,targeted_new,0.00182370820668693
VanillaNonSignalizedTurnEncounterStopsign_Town12_Route16599_Weather14.tar.gz,targeted_new,0.00182370820668693
VanillaNonSignalizedTurnEncounterStopsign_Town12_Route16600_Weather15.tar.gz,targeted_new,0.00182370820668693
VanillaNonSignalizedTurnEncounterStopsign_Town12_Route16604_Weather19.tar.gz,targeted_new,0.00182370820668693
VanillaNonSignalizedTurnEncounterStopsign_Town12_Route16605_Weather20.tar.gz,targeted_new,0.00182370820668693
VanillaNonSignalizedTurnEncounterStopsign_Town12_Route16606_Weather21.tar.gz,targeted_new,0.00182370820668693
VanillaNonSignalizedTurnEncounterStopsign_Town12_Route16608_Weather23.tar.gz,targeted_new,0.00182370820668693
VanillaNonSignalizedTurnEncounterStopsign_Town12_Route16610_Weather25.tar.gz,targeted_new,0.00182370820668693
VanillaNonSignalizedTurnEncounterStopsign_Town12_Route16611_Weather0.tar.gz,targeted_new,0.00182370820668693
VanillaNonSignalizedTurnEncounterStopsign_Town12_Route16616_Weather5.tar.gz,targeted_new,0.00182370820668693
VanillaNonSignalizedTurnEncounterStopsign_Town12_Route16617_Weather6.tar.gz,targeted_new,0.00182370820668693
VanillaNonSignalizedTurnEncounterStopsign_Town12_Route16623_Weather12.tar.gz,targeted_new,0.00182370820668693
VanillaNonSignalizedTurnEncounterStopsign_Town12_Route16625_Weather14.tar.gz,targeted_new,0.00182370820668693
VanillaNonSignalizedTurnEncounterStopsign_Town12_Route16630_Weather19.tar.gz,targeted_new,0.00182370820668693
VanillaNonSignalizedTurnEncounterStopsign_Town12_Route16631_Weather20.tar.gz,targeted_new,0.00182370820668693
VanillaNonSignalizedTurnEncounterStopsign_Town12_Route16632_Weather21.tar.gz,targeted_new,0.00182370820668693
VanillaNonSignalizedTurnEncounterStopsign_Town12_Route16633_Weather22.tar.gz,targeted_new,0.00182370820668693
VanillaNonSignalizedTurnEncounterStopsign_Town12_Route16636_Weather25.tar.gz,targeted_new,0.00182370820668693
VanillaNonSignalizedTurnEncounterStopsign_Town12_Route16637_Weather0.tar.gz,targeted_new,0.00182370820668693
VanillaNonSignalizedTurnEncounterStopsign_Town12_Route16638_Weather1.tar.gz,targeted_new,0.00182370820668693
VanillaNonSignalizedTurnEncounterStopsign_Town12_Route16639_Weather2.tar.gz,targeted_new,0.00182370820668693
VanillaNonSignalizedTurnEncounterStopsign_Town12_Route16642_Weather5.tar.gz,targeted_new,0.00182370820668693
VanillaNonSignalizedTurnEncounterStopsign_Town12_Route16643_Weather6.tar.gz,targeted_new,0.00182370820668693
VanillaNonSignalizedTurnEncounterStopsign_Town12_Route16644_Weather7.tar.gz,targeted_new,0.00182370820668693
VanillaNonSignalizedTurnEncounterStopsign_Town12_Route16648_Weather11.tar.gz,targeted_new,0.00182370820668693
VanillaNonSignalizedTurnEncounterStopsign_Town12_Route16649_Weather12.tar.gz,targeted_new,0.00182370820668693
VanillaNonSignalizedTurnEncounterStopsign_Town12_Route16650_Weather13.tar.gz,targeted_new,0.00182370820668693
VanillaNonSignalizedTurnEncounterStopsign_Town12_Route16651_Weather14.tar.gz,targeted_new,0.00182370820668693
VanillaNonSignalizedTurnEncounterStopsign_Town12_Route16655_Weather18.tar.gz,targeted_new,0.00182370820668693
VanillaNonSignalizedTurnEncounterStopsign_Town12_Route16657_Weather20.tar.gz,targeted_new,0.00182370820668693
VanillaNonSignalizedTurnEncounterStopsign_Town12_Route16658_Weather21.tar.gz,targeted_new,0.00182370820668693
VanillaNonSignalizedTurnEncounterStopsign_Town12_Route16659_Weather22.tar.gz,targeted_new,0.00182370820668693
VanillaNonSignalizedTurnEncounterStopsign_Town12_Route16662_Weather25.tar.gz,targeted_new,0.00182370820668693
VanillaNonSignalizedTurnEncounterStopsign_Town12_Route16663_Weather0.tar.gz,targeted_new,0.00182370820668693
VanillaNonSignalizedTurnEncounterStopsign_Town12_Route16664_Weather1.tar.gz,targeted_new,0.00182370820668693
VanillaNonSignalizedTurnEncounterStopsign_Town12_Route16665_Weather2.tar.gz,targeted_new,0.00182370820668693
VanillaNonSignalizedTurnEncounterStopsign_Town12_Route16670_Weather7.tar.gz,targeted_new,0.00182370820668693
VanillaNonSignalizedTurnEncounterStopsign_Town12_Route16673_Weather10.tar.gz,targeted_new,0.00182370820668693
VanillaNonSignalizedTurnEncounterStopsign_Town12_Route16676_Weather13.tar.gz,targeted_new,0.00182370820668693
VanillaNonSignalizedTurnEncounterStopsign_Town12_Route16681_Weather18.tar.gz,targeted_new,0.00182370820668693
VanillaNonSignalizedTurnEncounterStopsign_Town12_Route16682_Weather19.tar.gz,targeted_new,0.00182370820668693
VanillaNonSignalizedTurnEncounterStopsign_Town12_Route16683_Weather20.tar.gz,targeted_new,0.00182370820668693
VanillaNonSignalizedTurnEncounterStopsign_Town12_Route16684_Weather21.tar.gz,targeted_new,0.00182370820668693
VanillaNonSignalizedTurnEncounterStopsign_Town12_Route16685_Weather22.tar.gz,targeted_new,0.00182370820668693
VanillaNonSignalizedTurnEncounterStopsign_Town12_Route16688_Weather25.tar.gz,targeted_new,0.00182370820668693
VanillaNonSignalizedTurnEncounterStopsign_Town12_Route16690_Weather1.tar.gz,targeted_new,0.00182370820668693
VanillaNonSignalizedTurnEncounterStopsign_Town12_Route16691_Weather2.tar.gz,targeted_new,0.00182370820668693
VanillaNonSignalizedTurnEncounterStopsign_Town12_Route16701_Weather12.tar.gz,targeted_new,0.00182370820668693
VanillaNonSignalizedTurnEncounterStopsign_Town12_Route16704_Weather15.tar.gz,targeted_new,0.00182370820668693
VanillaNonSignalizedTurnEncounterStopsign_Town13_Route3903_Weather23.tar.gz,targeted_new,0.00182370820668693
VanillaNonSignalizedTurnEncounterStopsign_Town13_Route3904_Weather25.tar.gz,targeted_new,0.00182370820668693
VanillaNonSignalizedTurnEncounterStopsign_Town13_Route3905_Weather0.tar.gz,targeted_new,0.00182370820668693
VanillaNonSignalizedTurnEncounterStopsign_Town13_Route3906_Weather1.tar.gz,targeted_new,0.00182370820668693
VanillaNonSignalizedTurnEncounterStopsign_Town13_Route3907_Weather2.tar.gz,targeted_new,0.00182370820668693
VanillaNonSignalizedTurnEncounterStopsign_Town13_Route3908_Weather3.tar.gz,targeted_new,0.00182370820668693
VanillaNonSignalizedTurnEncounterStopsign_Town13_Route3909_Weather3.tar.gz,targeted_new,0.00182370820668693
VanillaNonSignalizedTurnEncounterStopsign_Town13_Route3910_Weather5.tar.gz,targeted_new,0.00182370820668693
VanillaNonSignalizedTurnEncounterStopsign_Town13_Route3911_Weather6.tar.gz,targeted_new,0.00182370820668693
VanillaNonSignalizedTurnEncounterStopsign_Town13_Route3913_Weather8.tar.gz,targeted_new,0.00182370820668693
VanillaNonSignalizedTurnEncounterStopsign_Town13_Route3914_Weather9.tar.gz,targeted_new,0.00182370820668693
VanillaNonSignalizedTurnEncounterStopsign_Town13_Route3915_Weather10.tar.gz,targeted_new,0.00182370820668693
VanillaNonSignalizedTurnEncounterStopsign_Town13_Route3916_Weather11.tar.gz,targeted_new,0.00182370820668693
VanillaNonSignalizedTurnEncounterStopsign_Town13_Route3918_Weather13.tar.gz,targeted_new,0.00182370820668693
VanillaNonSignalizedTurnEncounterStopsign_Town13_Route3919_Weather14.tar.gz,targeted_new,0.00182370820668693
VanillaNonSignalizedTurnEncounterStopsign_Town13_Route3920_Weather15.tar.gz,targeted_new,0.00182370820668693
VanillaNonSignalizedTurnEncounterStopsign_Town13_Route3921_Weather8.tar.gz,targeted_new,0.00182370820668693
VanillaNonSignalizedTurnEncounterStopsign_Town13_Route3922_Weather9.tar.gz,targeted_new,0.00182370820668693
VanillaSignalizedTurnEncounterRedLight_Town10HD_Route24840_Weather26.tar.gz,targeted_new,0.00182370820668693
VanillaSignalizedTurnEncounterRedLight_Town12_Route15458_Weather9.tar.gz,targeted_new,0.00182370820668693
VanillaSignalizedTurnEncounterRedLight_Town12_Route15459_Weather18.tar.gz,targeted_new,0.00182370820668693
VanillaSignalizedTurnEncounterRedLight_Town12_Route15460_Weather19.tar.gz,targeted_new,0.00182370820668693
VanillaSignalizedTurnEncounterRedLight_Town12_Route15461_Weather20.tar.gz,targeted_new,0.00182370820668693
VanillaSignalizedTurnEncounterRedLight_Town12_Route15462_Weather21.tar.gz,targeted_new,0.00182370820668693
VanillaSignalizedTurnEncounterRedLight_Town12_Route15463_Weather22.tar.gz,targeted_new,0.00182370820668693
VanillaSignalizedTurnEncounterRedLight_Town12_Route15464_Weather23.tar.gz,targeted_new,0.00182370820668693
VanillaSignalizedTurnEncounterRedLight_Town12_Route15465_Weather23.tar.gz,targeted_new,0.00182370820668693
VanillaSignalizedTurnEncounterRedLight_Town12_Route15466_Weather25.tar.gz,targeted_new,0.00182370820668693
VanillaSignalizedTurnEncounterRedLight_Town12_Route15467_Weather0.tar.gz,targeted_new,0.00182370820668693
VanillaSignalizedTurnEncounterRedLight_Town12_Route15468_Weather1.tar.gz,targeted_new,0.00182370820668693
VanillaSignalizedTurnEncounterRedLight_Town12_Route15469_Weather2.tar.gz,targeted_new,0.00182370820668693
VanillaSignalizedTurnEncounterRedLight_Town12_Route15470_Weather3.tar.gz,targeted_new,0.00182370820668693
VanillaSignalizedTurnEncounterRedLight_Town12_Route15472_Weather5.tar.gz,targeted_new,0.00182370820668693
VanillaSignalizedTurnEncounterRedLight_Town12_Route15473_Weather6.tar.gz,targeted_new,0.00182370820668693
VanillaSignalizedTurnEncounterRedLight_Town12_Route15474_Weather7.tar.gz,targeted_new,0.00182370820668693
VanillaSignalizedTurnEncounterRedLight_Town12_Route15475_Weather8.tar.gz,targeted_new,0.00182370820668693
VanillaSignalizedTurnEncounterRedLight_Town12_Route15477_Weather10.tar.gz,targeted_new,0.00182370820668693
VanillaSignalizedTurnEncounterRedLight_Town12_Route15478_Weather11.tar.gz,targeted_new,0.00182370820668693
VanillaSignalizedTurnEncounterRedLight_Town12_Route15479_Weather12.tar.gz,targeted_new,0.00182370820668693
VanillaSignalizedTurnEncounterRedLight_Town12_Route15481_Weather14.tar.gz,targeted_new,0.00182370820668693
VanillaSignalizedTurnEncounterRedLight_Town12_Route15482_Weather15.tar.gz,targeted_new,0.00182370820668693
VanillaSignalizedTurnEncounterRedLight_Town12_Route15483_Weather8.tar.gz,targeted_new,0.00182370820668693
VanillaSignalizedTurnEncounterRedLight_Town12_Route15484_Weather9.tar.gz,targeted_new,0.00182370820668693
VanillaSignalizedTurnEncounterRedLight_Town12_Route15485_Weather18.tar.gz,targeted_new,0.00182370820668693
VanillaSignalizedTurnEncounterRedLight_Town12_Route15486_Weather19.tar.gz,targeted_new,0.00182370820668693
VanillaSignalizedTurnEncounterRedLight_Town12_Route15487_Weather20.tar.gz,targeted_new,0.00182370820668693
VanillaSignalizedTurnEncounterRedLight_Town12_Route15488_Weather21.tar.gz,targeted_new,0.00182370820668693
VanillaSignalizedTurnEncounterRedLight_Town12_Route15489_Weather22.tar.gz,targeted_new,0.00182370820668693
VanillaSignalizedTurnEncounterRedLight_Town12_Route15490_Weather23.tar.gz,targeted_new,0.00182370820668693
VanillaSignalizedTurnEncounterRedLight_Town12_Route15493_Weather0.tar.gz,targeted_new,0.00182370820668693
VanillaSignalizedTurnEncounterRedLight_Town12_Route15494_Weather1.tar.gz,targeted_new,0.00182370820668693
VanillaSignalizedTurnEncounterRedLight_Town12_Route15495_Weather2.tar.gz,targeted_new,0.00182370820668693
VanillaSignalizedTurnEncounterRedLight_Town12_Route15496_Weather3.tar.gz,targeted_new,0.00182370820668693
VanillaSignalizedTurnEncounterRedLight_Town12_Route15497_Weather3.tar.gz,targeted_new,0.00182370820668693
VanillaSignalizedTurnEncounterRedLight_Town12_Route15498_Weather5.tar.gz,targeted_new,0.00182370820668693
VanillaSignalizedTurnEncounterRedLight_Town12_Route15500_Weather7.tar.gz,targeted_new,0.00182370820668693
VanillaSignalizedTurnEncounterRedLight_Town12_Route15501_Weather8.tar.gz,targeted_new,0.00182370820668693
VanillaSignalizedTurnEncounterRedLight_Town12_Route15502_Weather9.tar.gz,targeted_new,0.00182370820668693
VanillaSignalizedTurnEncounterRedLight_Town12_Route15503_Weather10.tar.gz,targeted_new,0.00182370820668693
VanillaSignalizedTurnEncounterRedLight_Town12_Route15504_Weather11.tar.gz,targeted_new,0.00182370820668693
VanillaSignalizedTurnEncounterRedLight_Town12_Route15505_Weather12.tar.gz,targeted_new,0.00182370820668693
VanillaSignalizedTurnEncounterRedLight_Town12_Route15506_Weather13.tar.gz,targeted_new,0.00182370820668693
VanillaSignalizedTurnEncounterRedLight_Town12_Route15507_Weather14.tar.gz,targeted_new,0.00182370820668693
VanillaSignalizedTurnEncounterRedLight_Town12_Route15508_Weather15.tar.gz,targeted_new,0.00182370820668693
VanillaSignalizedTurnEncounterRedLight_Town12_Route15509_Weather8.tar.gz,targeted_new,0.00182370820668693
VanillaSignalizedTurnEncounterRedLight_Town12_Route15510_Weather9.tar.gz,targeted_new,0.00182370820668693
VanillaSignalizedTurnEncounterRedLight_Town12_Route15511_Weather18.tar.gz,targeted_new,0.00182370820668693
VanillaSignalizedTurnEncounterRedLight_Town12_Route15512_Weather19.tar.gz,targeted_new,0.00182370820668693
VanillaSignalizedTurnEncounterRedLight_Town12_Route15513_Weather20.tar.gz,targeted_new,0.00182370820668693
VanillaSignalizedTurnEncounterRedLight_Town12_Route15514_Weather21.tar.gz,targeted_new,0.00182370820668693
VanillaSignalizedTurnEncounterRedLight_Town12_Route15515_Weather22.tar.gz,targeted_new,0.00182370820668693
VanillaSignalizedTurnEncounterRedLight_Town12_Route15518_Weather25.tar.gz,targeted_new,0.00182370820668693
VanillaSignalizedTurnEncounterRedLight_Town12_Route15519_Weather0.tar.gz,targeted_new,0.00182370820668693
VanillaSignalizedTurnEncounterRedLight_Town12_Route15520_Weather1.tar.gz,targeted_new,0.00182370820668693
VanillaSignalizedTurnEncounterRedLight_Town12_Route15521_Weather2.tar.gz,targeted_new,0.00182370820668693
VanillaSignalizedTurnEncounterRedLight_Town12_Route15523_Weather3.tar.gz,targeted_new,0.00182370820668693
VanillaSignalizedTurnEncounterRedLight_Town12_Route15524_Weather5.tar.gz,targeted_new,0.00182370820668693
VanillaSignalizedTurnEncounterRedLight_Town12_Route15525_Weather6.tar.gz,targeted_new,0.00182370820668693
VanillaSignalizedTurnEncounterRedLight_Town12_Route15526_Weather7.tar.gz,targeted_new,0.00182370820668693
VanillaSignalizedTurnEncounterRedLight_Town12_Route15527_Weather8.tar.gz,targeted_new,0.00182370820668693
VanillaSignalizedTurnEncounterRedLight_Town12_Route15529_Weather10.tar.gz,targeted_new,0.00182370820668693
VanillaSignalizedTurnEncounterRedLight_Town12_Route15530_Weather11.tar.gz,targeted_new,0.00182370820668693
VanillaSignalizedTurnEncounterRedLight_Town12_Route15531_Weather12.tar.gz,targeted_new,0.00182370820668693
VanillaSignalizedTurnEncounterRedLight_Town12_Route15532_Weather13.tar.gz,targeted_new,0.00182370820668693
VanillaSignalizedTurnEncounterRedLight_Town12_Route15533_Weather14.tar.gz,targeted_new,0.00182370820668693
VanillaSignalizedTurnEncounterRedLight_Town12_Route15534_Weather15.tar.gz,targeted_new,0.00182370820668693
VanillaSignalizedTurnEncounterRedLight_Town12_Route15537_Weather18.tar.gz,targeted_new,0.00182370820668693
VanillaSignalizedTurnEncounterRedLight_Town12_Route15539_Weather20.tar.gz,targeted_new,0.00182370820668693
VanillaSignalizedTurnEncounterRedLight_Town12_Route15540_Weather21.tar.gz,targeted_new,0.00182370820668693
VanillaSignalizedTurnEncounterRedLight_Town12_Route15541_Weather22.tar.gz,targeted_new,0.00182370820668693
VanillaSignalizedTurnEncounterRedLight_Town12_Route15544_Weather25.tar.gz,targeted_new,0.00182370820668693
VanillaSignalizedTurnEncounterRedLight_Town12_Route15545_Weather0.tar.gz,targeted_new,0.00182370820668693
VanillaSignalizedTurnEncounterRedLight_Town12_Route15547_Weather2.tar.gz,targeted_new,0.00182370820668693
VanillaSignalizedTurnEncounterRedLight_Town12_Route15550_Weather5.tar.gz,targeted_new,0.00182370820668693
VanillaSignalizedTurnEncounterRedLight_Town12_Route15551_Weather6.tar.gz,targeted_new,0.00182370820668693
VanillaSignalizedTurnEncounterRedLight_Town12_Route15552_Weather7.tar.gz,targeted_new,0.00182370820668693
VanillaSignalizedTurnEncounterRedLight_Town12_Route15555_Weather10.tar.gz,targeted_new,0.00182370820668693
VanillaSignalizedTurnEncounterRedLight_Town12_Route15558_Weather13.tar.gz,targeted_new,0.00182370820668693
VanillaSignalizedTurnEncounterRedLight_Town12_Route15559_Weather14.tar.gz,targeted_new,0.00182370820668693
VanillaSignalizedTurnEncounterRedLight_Town12_Route15560_Weather15.tar.gz,targeted_new,0.00182370820668693
VanillaSignalizedTurnEncounterRedLight_Town12_Route15564_Weather19.tar.gz,targeted_new,0.00182370820668693
VanillaSignalizedTurnEncounterRedLight_Town12_Route15567_Weather22.tar.gz,targeted_new,0.00182370820668693
VanillaSignalizedTurnEncounterRedLight_Town12_Route15577_Weather6.tar.gz,targeted_new,0.00182370820668693
VanillaSignalizedTurnEncounterRedLight_Town12_Route15582_Weather11.tar.gz,targeted_new,0.00182370820668693
VanillaSignalizedTurnEncounterRedLight_Town13_Route3865_Weather12.tar.gz,targeted_new,0.00182370820668693
VanillaSignalizedTurnEncounterRedLight_Town13_Route3866_Weather13.tar.gz,targeted_new,0.00182370820668693
VanillaSignalizedTurnEncounterRedLight_Town13_Route3870_Weather9.tar.gz,targeted_new,0.00182370820668693
VanillaSignalizedTurnEncounterRedLight_Town13_Route3871_Weather18.tar.gz,targeted_new,0.00182370820668693
VanillaSignalizedTurnEncounterRedLight_Town13_Route3872_Weather19.tar.gz,targeted_new,0.00182370820668693
VanillaSignalizedTurnEncounterRedLight_Town13_Route3873_Weather20.tar.gz,targeted_new,0.00182370820668693
VanillaSignalizedTurnEncounterRedLight_Town13_Route3874_Weather21.tar.gz,targeted_new,0.00182370820668693
VanillaSignalizedTurnEncounterRedLight_Town13_Route3876_Weather23.tar.gz,targeted_new,0.00182370820668693
VanillaSignalizedTurnEncounterRedLight_Town13_Route3877_Weather23.tar.gz,targeted_new,0.00182370820668693
VanillaSignalizedTurnEncounterRedLight_Town13_Route3878_Weather25.tar.gz,targeted_new,0.00182370820668693
VanillaSignalizedTurnEncounterRedLight_Town13_Route3879_Weather0.tar.gz,targeted_new,0.00182370820668693
VanillaSignalizedTurnEncounterRedLight_Town13_Route3880_Weather1.tar.gz,targeted_new,0.00182370820668693
VanillaSignalizedTurnEncounterRedLight_Town13_Route3881_Weather2.tar.gz,targeted_new,0.00182370820668693
VanillaSignalizedTurnEncounterRedLight_Town13_Route3882_Weather3.tar.gz,targeted_new,0.00182370820668693
YieldToEmergencyVehicle_Town03_Route25378_Weather9.tar.gz,targeted_new,0.00182370820668693
YieldToEmergencyVehicle_Town03_Route25427_Weather12.tar.gz,targeted_new,0.00182370820668693
YieldToEmergencyVehicle_Town12_Route1809_Weather9.tar.gz,targeted_new,0.00182370820668693
YieldToEmergencyVehicle_Town12_Route20598_Weather5.tar.gz,targeted_new,0.00182370820668693
YieldToEmergencyVehicle_Town12_Route20604_Weather11.tar.gz,targeted_new,0.00182370820668693
YieldToEmergencyVehicle_Town12_Route20606_Weather13.tar.gz,targeted_new,0.00182370820668693
YieldToEmergencyVehicle_Town12_Route20614_Weather21.tar.gz,targeted_new,0.00182370820668693
YieldToEmergencyVehicle_Town12_Route20623_Weather3.tar.gz,targeted_new,0.00182370820668693
YieldToEmergencyVehicle_Town12_Route20625_Weather6.tar.gz,targeted_new,0.00182370820668693
YieldToEmergencyVehicle_Town12_Route20626_Weather7.tar.gz,targeted_new,0.00182370820668693
YieldToEmergencyVehicle_Town12_Route20629_Weather10.tar.gz,targeted_new,0.00182370820668693
YieldToEmergencyVehicle_Town12_Route20639_Weather20.tar.gz,targeted_new,0.00182370820668693
YieldToEmergencyVehicle_Town12_Route20641_Weather22.tar.gz,targeted_new,0.00182370820668693
YieldToEmergencyVehicle_Town12_Route20646_Weather1.tar.gz,targeted_new,0.00182370820668693
YieldToEmergencyVehicle_Town12_Route20647_Weather2.tar.gz,targeted_new,0.00182370820668693
YieldToEmergencyVehicle_Town12_Route20648_Weather3.tar.gz,targeted_new,0.00182370820668693
YieldToEmergencyVehicle_Town12_Route20652_Weather7.tar.gz,targeted_new,0.00182370820668693
YieldToEmergencyVehicle_Town12_Route20654_Weather9.tar.gz,targeted_new,0.00182370820668693
YieldToEmergencyVehicle_Town12_Route20662_Weather9.tar.gz,targeted_new,0.00182370820668693
YieldToEmergencyVehicle_Town12_Route20663_Weather18.tar.gz,targeted_new,0.00182370820668693
YieldToEmergencyVehicle_Town12_Route20666_Weather21.tar.gz,targeted_new,0.00182370820668693
YieldToEmergencyVehicle_Town12_Route20667_Weather22.tar.gz,targeted_new,0.00182370820668693
YieldToEmergencyVehicle_Town12_Route20668_Weather23.tar.gz,targeted_new,0.00182370820668693
YieldToEmergencyVehicle_Town12_Route20672_Weather1.tar.gz,targeted_new,0.00182370820668693
YieldToEmergencyVehicle_Town12_Route20679_Weather8.tar.gz,targeted_new,0.00182370820668693
YieldToEmergencyVehicle_Town12_Route20681_Weather10.tar.gz,targeted_new,0.00182370820668693
YieldToEmergencyVehicle_Town12_Route20682_Weather11.tar.gz,targeted_new,0.00182370820668693
YieldToEmergencyVehicle_Town12_Route20687_Weather8.tar.gz,targeted_new,0.00182370820668693
YieldToEmergencyVehicle_Town12_Route20691_Weather20.tar.gz,targeted_new,0.00182370820668693
YieldToEmergencyVehicle_Town12_Route20694_Weather23.tar.gz,targeted_new,0.00182370820668693
YieldToEmergencyVehicle_Town12_Route20698_Weather1.tar.gz,targeted_new,0.00182370820668693
YieldToEmergencyVehicle_Town12_Route20701_Weather3.tar.gz,targeted_new,0.00182370820668693
YieldToEmergencyVehicle_Town12_Route20703_Weather6.tar.gz,targeted_new,0.00182370820668693
YieldToEmergencyVehicle_Town12_Route20705_Weather8.tar.gz,targeted_new,0.00182370820668693
YieldToEmergencyVehicle_Town12_Route20708_Weather11.tar.gz,targeted_new,0.00182370820668693
YieldToEmergencyVehicle_Town12_Route20718_Weather21.tar.gz,targeted_new,0.00182370820668693
YieldToEmergencyVehicle_Town12_Route20720_Weather23.tar.gz,targeted_new,0.00182370820668693
YieldToEmergencyVehicle_Town12_Route20726_Weather3.tar.gz,targeted_new,0.00182370820668693
YieldToEmergencyVehicle_Town12_Route20727_Weather3.tar.gz,targeted_new,0.00182370820668693
YieldToEmergencyVehicle_Town12_Route20729_Weather6.tar.gz,targeted_new,0.00182370820668693
YieldToEmergencyVehicle_Town12_Route20733_Weather10.tar.gz,targeted_new,0.00182370820668693
YieldToEmergencyVehicle_Town12_Route20734_Weather11.tar.gz,targeted_new,0.00182370820668693
YieldToEmergencyVehicle_Town12_Route20740_Weather9.tar.gz,targeted_new,0.00182370820668693
YieldToEmergencyVehicle_Town12_Route20745_Weather22.tar.gz,targeted_new,0.00182370820668693
YieldToEmergencyVehicle_Town12_Route20750_Weather1.tar.gz,targeted_new,0.00182370820668693
YieldToEmergencyVehicle_Town12_Route20751_Weather2.tar.gz,targeted_new,0.00182370820668693
YieldToEmergencyVehicle_Town12_Route20755_Weather6.tar.gz,targeted_new,0.00182370820668693
YieldToEmergencyVehicle_Town12_Route20762_Weather13.tar.gz,targeted_new,0.00182370820668693
YieldToEmergencyVehicle_Town12_Route20768_Weather19.tar.gz,targeted_new,0.00182370820668693
YieldToEmergencyVehicle_Town12_Route20769_Weather20.tar.gz,targeted_new,0.00182370820668693
YieldToEmergencyVehicle_Town12_Route20773_Weather23.tar.gz,targeted_new,0.00182370820668693
YieldToEmergencyVehicle_Town12_Route20774_Weather25.tar.gz,targeted_new,0.00182370820668693
YieldToEmergencyVehicle_Town12_Route20775_Weather0.tar.gz,targeted_new,0.00182370820668693
YieldToEmergencyVehicle_Town12_Route20777_Weather2.tar.gz,targeted_new,0.00182370820668693
YieldToEmergencyVehicle_Town12_Route20778_Weather3.tar.gz,targeted_new,0.00182370820668693
YieldToEmergencyVehicle_Town12_Route20785_Weather10.tar.gz,targeted_new,0.00182370820668693
YieldToEmergencyVehicle_Town12_Route20791_Weather8.tar.gz,targeted_new,0.00182370820668693
YieldToEmergencyVehicle_Town12_Route20796_Weather21.tar.gz,targeted_new,0.00182370820668693
YieldToEmergencyVehicle_Town12_Route20802_Weather1.tar.gz,targeted_new,0.00182370820668693
YieldToEmergencyVehicle_Town12_Route20806_Weather5.tar.gz,targeted_new,0.00182370820668693
YieldToEmergencyVehicle_Town12_Route20811_Weather10.tar.gz,targeted_new,0.00182370820668693
YieldToEmergencyVehicle_Town12_Route20815_Weather14.tar.gz,targeted_new,0.00182370820668693
YieldToEmergencyVehicle_Town12_Route20826_Weather25.tar.gz,targeted_new,0.00182370820668693
YieldToEmergencyVehicle_Town12_Route20828_Weather1.tar.gz,targeted_new,0.00182370820668693
YieldToEmergencyVehicle_Town12_Route20830_Weather3.tar.gz,targeted_new,0.00182370820668693
YieldToEmergencyVehicle_Town12_Route20832_Weather5.tar.gz,targeted_new,0.00182370820668693
YieldToEmergencyVehicle_Town12_Route20836_Weather9.tar.gz,targeted_new,0.00182370820668693
YieldToEmergencyVehicle_Town12_Route20840_Weather13.tar.gz,targeted_new,0.00182370820668693
YieldToEmergencyVehicle_Town12_Route20843_Weather8.tar.gz,targeted_new,0.00182370820668693
YieldToEmergencyVehicle_Town12_Route20855_Weather2.tar.gz,targeted_new,0.00182370820668693
YieldToEmergencyVehicle_Town12_Route20860_Weather7.tar.gz,targeted_new,0.00182370820668693
YieldToEmergencyVehicle_Town12_Route20862_Weather9.tar.gz,targeted_new,0.00182370820668693
YieldToEmergencyVehicle_Town12_Route20865_Weather12.tar.gz,targeted_new,0.00182370820668693
YieldToEmergencyVehicle_Town12_Route20866_Weather13.tar.gz,targeted_new,0.00182370820668693
YieldToEmergencyVehicle_Town12_Route20867_Weather14.tar.gz,targeted_new,0.00182370820668693
YieldToEmergencyVehicle_Town12_Route2587_Weather7.tar.gz,targeted_new,0.00182370820668693
YieldToEmergencyVehicle_Town12_Route2599_Weather19.tar.gz,targeted_new,0.00182370820668693
YieldToEmergencyVehicle_Town13_Route3366_Weather7.tar.gz,targeted_new,0.00182370820668693
YieldToEmergencyVehicle_Town13_Route3368_Weather9.tar.gz,targeted_new,0.00182370820668693
