clip,component,split
AccidentTwoWays_Town12_Route1102_Weather10,base,train
AccidentTwoWays_Town12_Route1103_Weather11,base,train
AccidentTwoWays_Town12_Route1104_Weather12,base,train
AccidentTwoWays_Town12_Route1105_Weather13,base,train
AccidentTwoWays_Town12_Route1106_Weather14,base,train
AccidentTwoWays_Town12_Route1107_Weather15,base,train
AccidentTwoWays_Town12_Route1109_Weather9,base,train
AccidentTwoWays_Town12_Route1110_Weather18,base,train
AccidentTwoWays_Town12_Route1111_Weather19,base,train
AccidentTwoWays_Town12_Route1112_Weather20,base,train
AccidentTwoWays_Town12_Route1113_Weather21,base,train
AccidentTwoWays_Town12_Route1114_Weather22,base,train
AccidentTwoWays_Town12_Route1115_Weather23,base,val
AccidentTwoWays_Town12_Route1116_Weather23,base,train
AccidentTwoWays_Town12_Route1117_Weather25,base,train
AccidentTwoWays_Town12_Route1119_Weather1,base,train
AccidentTwoWays_Town12_Route1120_Weather2,base,train
AccidentTwoWays_Town12_Route1121_Weather3,base,train
AccidentTwoWays_Town12_Route1124_Weather18,base,train
AccidentTwoWays_Town12_Route1126_Weather8,base,train
AccidentTwoWays_Town12_Route1127_Weather9,base,train
AccidentTwoWays_Town12_Route1444_Weather0,base,train
AccidentTwoWays_Town12_Route1445_Weather1,base,train
AccidentTwoWays_Town12_Route1446_Weather2,base,train
AccidentTwoWays_Town12_Route1448_Weather5,base,train
AccidentTwoWays_Town12_Route1453_Weather12,base,train
AccidentTwoWays_Town12_Route1454_Weather13,base,train
AccidentTwoWays_Town12_Route1455_Weather14,base,train
AccidentTwoWays_Town12_Route1456_Weather15,base,train
AccidentTwoWays_Town12_Route1458_Weather9,base,train
AccidentTwoWays_Town12_Route1459_Weather18,base,train
AccidentTwoWays_Town12_Route1461_Weather20,base,train
AccidentTwoWays_Town12_Route1463_Weather22,base,train
AccidentTwoWays_Town12_Route1468_Weather2,base,train
AccidentTwoWays_Town12_Route1469_Weather3,base,train
Accident_Town03_Route101_Weather23,base,train
Accident_Town03_Route102_Weather20,base,train
Accident_Town03_Route146_Weather8,base,train
Accident_Town03_Route156_Weather0,base,train
Accident_Town04_Route159_Weather3,base,train
Accident_Town04_Route160_Weather3,base,train
Accident_Town04_Route205_Weather23,base,train
Accident_Town05_Route218_Weather10,base,val
Accident_Town05_Route219_Weather11,base,train
Accident_Town06_Route279_Weather19,base,train
Accident_Town06_Route280_Weather11,base,train
Accident_Town06_Route308_Weather22,base,train
Accident_Town06_Route327_Weather15,base,train
Accident_Town12_Route1108_Weather8,base,train
Accident_Town12_Route1122_Weather3,base,train
Accident_Town12_Route766_Weather12,base,train
Accident_Town12_Route767_Weather13,base,train
Accident_Town12_Route768_Weather14,base,train
Accident_Town12_Route769_Weather15,base,train
Accident_Town12_Route956_Weather20,base,train
Accident_Town12_Route957_Weather21,base,train
Accident_Town13_Route550_Weather3,base,train
Accident_Town13_Route551_Weather5,base,train
Accident_Town13_Route552_Weather6,base,train
Accident_Town15_Route411_Weather21,base,train
Accident_Town15_Route412_Weather22,base,train
Accident_Town15_Route413_Weather23,base,train
Accident_Town15_Route414_Weather23,base,train
BlockedIntersection_Town03_Route134_Weather3,base,train
BlockedIntersection_Town03_Route135_Weather5,base,val
BlockedIntersection_Town03_Route136_Weather6,base,train
BlockedIntersection_Town04_Route193_Weather11,base,train
BlockedIntersection_Town04_Route194_Weather12,base,train
BlockedIntersection_Town04_Route195_Weather13,base,train
BlockedIntersection_Town05_Route247_Weather19,base,train
BlockedIntersection_Town05_Route248_Weather14,base,train
BlockedIntersection_Town05_Route272_Weather12,base,train
BlockedIntersection_Town07_Route351_Weather13,base,train
BlockedIntersection_Town07_Route352_Weather14,base,train
BlockedIntersection_Town07_Route353_Weather15,base,train
BlockedIntersection_Town10HD_Route391_Weather1,base,train
BlockedIntersection_Town12_Route834_Weather2,base,train
BlockedIntersection_Town12_Route835_Weather3,base,train
BlockedIntersection_Town12_Route836_Weather3,base,train
BlockedIntersection_Town12_Route936_Weather0,base,train
BlockedIntersection_Town13_Route615_Weather9,base,train
BlockedIntersection_Town13_Route616_Weather18,base,train
BlockedIntersection_Town13_Route617_Weather19,base,train
BlockedIntersection_Town13_Route618_Weather20,base,train
BlockedIntersection_Town15_Route485_Weather9,base,train
BlockedIntersection_Town15_Route486_Weather18,base,train
ConstructionObstacleTwoWays_Town12_Route1083_Weather9,base,train
ConstructionObstacleTwoWays_Town12_Route1084_Weather5,base,train
ConstructionObstacleTwoWays_Town12_Route1085_Weather6,base,train
ConstructionObstacleTwoWays_Town12_Route1086_Weather20,base,train
ConstructionObstacleTwoWays_Town12_Route1089_Weather23,base,train
ConstructionObstacleTwoWays_Town12_Route1091_Weather12,base,train
ConstructionObstacleTwoWays_Town12_Route1093_Weather1,base,val
ConstructionObstacleTwoWays_Town12_Route1094_Weather2,base,train
ConstructionObstacleTwoWays_Town12_Route1095_Weather3,base,train
ConstructionObstacleTwoWays_Town12_Route1096_Weather3,base,train
ConstructionObstacleTwoWays_Town12_Route1097_Weather5,base,train
ConstructionObstacleTwoWays_Town12_Route1098_Weather6,base,train
ConstructionObstacleTwoWays_Town12_Route1099_Weather7,base,train
ConstructionObstacleTwoWays_Town12_Route1100_Weather14,base,train
ConstructionObstacleTwoWays_Town12_Route1404_Weather26,base,train
ConstructionObstacleTwoWays_Town12_Route1406_Weather26,base,train
ConstructionObstacleTwoWays_Town12_Route1410_Weather26,base,train
ConstructionObstacleTwoWays_Town12_Route1413_Weather26,base,train
ConstructionObstacleTwoWays_Town12_Route1414_Weather26,base,train
ConstructionObstacleTwoWays_Town12_Route1415_Weather26,base,train
ConstructionObstacleTwoWays_Town12_Route1418_Weather26,base,train
ConstructionObstacleTwoWays_Town12_Route1419_Weather26,base,train
ConstructionObstacleTwoWays_Town12_Route1421_Weather26,base,train
ConstructionObstacleTwoWays_Town12_Route1422_Weather26,base,train
ConstructionObstacleTwoWays_Town12_Route1424_Weather26,base,train
ConstructionObstacleTwoWays_Town12_Route1425_Weather26,base,train
ConstructionObstacle_Town03_Route60_Weather8,base,train
ConstructionObstacle_Town03_Route61_Weather9,base,train
ConstructionObstacle_Town03_Route62_Weather10,base,train
ConstructionObstacle_Town03_Route63_Weather11,base,train
ConstructionObstacle_Town04_Route64_Weather12,base,train
ConstructionObstacle_Town04_Route65_Weather13,base,train
ConstructionObstacle_Town04_Route66_Weather14,base,train
ConstructionObstacle_Town04_Route67_Weather15,base,train
ConstructionObstacle_Town05_Route68_Weather8,base,train
ConstructionObstacle_Town05_Route69_Weather9,base,train
ConstructionObstacle_Town05_Route70_Weather18,base,train
ConstructionObstacle_Town05_Route71_Weather19,base,train
ConstructionObstacle_Town06_Route72_Weather20,base,train
ConstructionObstacle_Town06_Route73_Weather21,base,train
ConstructionObstacle_Town10HD_Route74_Weather22,base,val
ConstructionObstacle_Town12_Route75_Weather23,base,train
ConstructionObstacle_Town12_Route76_Weather23,base,train
ConstructionObstacle_Town12_Route77_Weather25,base,train
ConstructionObstacle_Town12_Route78_Weather0,base,val
ConstructionObstacle_Town12_Route79_Weather1,base,train
ConstructionObstacle_Town13_Route80_Weather2,base,train
ConstructionObstacle_Town13_Route81_Weather3,base,train
ConstructionObstacle_Town13_Route82_Weather3,base,train
ConstructionObstacle_Town13_Route83_Weather5,base,train
ConstructionObstacle_Town15_Route84_Weather6,base,train
ConstructionObstacle_Town15_Route85_Weather7,base,train
ConstructionObstacle_Town15_Route87_Weather9,base,train
ControlLoss_Town04_Route169_Weather13,base,train
ControlLoss_Town04_Route170_Weather14,base,val
ControlLoss_Town07_Route332_Weather20,base,train
ControlLoss_Town07_Route333_Weather21,base,train
ControlLoss_Town10HD_Route377_Weather13,base,train
ControlLoss_Town10HD_Route378_Weather14,base,val
ControlLoss_Town11_Route401_Weather11,base,train
ControlLoss_Town11_Route402_Weather12,base,train
ControlLoss_Town13_Route574_Weather19,base,train
ControlLoss_Town15_Route430_Weather14,base,train
ControlLoss_Town15_Route431_Weather15,base,train
ControlLoss_Town15_Route432_Weather8,base,train
ControlLoss_Town15_Route433_Weather9,base,train
CrossingBicycleFlow_Town12_Route1011_Weather23,base,train
CrossingBicycleFlow_Town12_Route1032_Weather18,base,train
CrossingBicycleFlow_Town12_Route1044_Weather3,base,train
CrossingBicycleFlow_Town12_Route1050_Weather10,base,train
CrossingBicycleFlow_Town12_Route1061_Weather21,base,train
CrossingBicycleFlow_Town12_Route1062_Weather22,base,train
CrossingBicycleFlow_Town12_Route1063_Weather23,base,train
CrossingBicycleFlow_Town12_Route1064_Weather23,base,train
CrossingBicycleFlow_Town12_Route1065_Weather25,base,train
CrossingBicycleFlow_Town12_Route1066_Weather0,base,train
CrossingBicycleFlow_Town12_Route1068_Weather2,base,train
CrossingBicycleFlow_Town12_Route1070_Weather3,base,train
CrossingBicycleFlow_Town12_Route1071_Weather0,base,train
CrossingBicycleFlow_Town12_Route1072_Weather6,base,train
CrossingBicycleFlow_Town12_Route1073_Weather7,base,train
CrossingBicycleFlow_Town12_Route1074_Weather8,base,train
CrossingBicycleFlow_Town12_Route1075_Weather9,base,train
CrossingBicycleFlow_Town12_Route1076_Weather10,base,train
CrossingBicycleFlow_Town12_Route1077_Weather11,base,train
CrossingBicycleFlow_Town12_Route1078_Weather12,base,train
CrossingBicycleFlow_Town12_Route860_Weather2,base,train
CrossingBicycleFlow_Town12_Route862_Weather3,base,train
CrossingBicycleFlow_Town12_Route863_Weather5,base,train
CrossingBicycleFlow_Town12_Route977_Weather15,base,val
DynamicObjectCrossing_Town01_Route1_Weather1,base,train
DynamicObjectCrossing_Town01_Route2_Weather2,base,train
DynamicObjectCrossing_Town01_Route3_Weather3,base,val
DynamicObjectCrossing_Town01_Route4_Weather3,base,train
DynamicObjectCrossing_Town01_Route5_Weather2,base,train
DynamicObjectCrossing_Town01_Route6_Weather6,base,train
DynamicObjectCrossing_Town01_Route7_Weather7,base,train
DynamicObjectCrossing_Town01_Route8_Weather3,base,train
DynamicObjectCrossing_Town02_Route11_Weather11,base,val
DynamicObjectCrossing_Town02_Route12_Weather12,base,train
DynamicObjectCrossing_Town02_Route14_Weather14,base,train
DynamicObjectCrossing_Town02_Route15_Weather15,base,train
DynamicObjectCrossing_Town02_Route9_Weather9,base,train
DynamicObjectCrossing_Town10HD_Route18_Weather18,base,train
DynamicObjectCrossing_Town10HD_Route19_Weather19,base,train
DynamicObjectCrossing_Town11_Route20_Weather20,base,train
DynamicObjectCrossing_Town12_Route21_Weather21,base,train
DynamicObjectCrossing_Town12_Route22_Weather22,base,train
DynamicObjectCrossing_Town12_Route23_Weather23,base,train
DynamicObjectCrossing_Town13_Route24_Weather23,base,train
DynamicObjectCrossing_Town13_Route25_Weather25,base,train
DynamicObjectCrossing_Town13_Route26_Weather0,base,train
DynamicObjectCrossing_Town15_Route27_Weather1,base,train
DynamicObjectCrossing_Town15_Route28_Weather2,base,train
DynamicObjectCrossing_Town15_Route29_Weather3,base,train
EnterActorFlow_Town03_Route132_Weather2,base,val
EnterActorFlow_Town04_Route192_Weather10,base,train
EnterActorFlow_Town05_Route245_Weather9,base,train
EnterActorFlow_Town05_Route271_Weather11,base,train
EnterActorFlow_Town07_Route348_Weather10,base,train
EnterActorFlow_Town07_Route350_Weather12,base,train
EnterActorFlow_Town12_Route830_Weather23,base,train
EnterActorFlow_Town12_Route831_Weather25,base,train
EnterActorFlow_Town12_Route832_Weather0,base,train
EnterActorFlow_Town13_Route611_Weather13,base,train
EnterActorFlow_Town13_Route612_Weather14,base,train
EnterActorFlow_Town13_Route613_Weather15,base,train
EnterActorFlow_Town13_Route614_Weather8,base,train
EnterActorFlow_Town13_Route681_Weather5,base,train
HardBreakRoute_Town01_Route30_Weather3,base,train
HardBreakRoute_Town01_Route31_Weather5,base,train
HardBreakRoute_Town01_Route32_Weather6,base,val
HardBreakRoute_Town02_Route33_Weather7,base,train
HardBreakRoute_Town02_Route34_Weather8,base,train
HardBreakRoute_Town02_Route35_Weather9,base,train
HardBreakRoute_Town03_Route36_Weather10,base,train
HardBreakRoute_Town03_Route37_Weather11,base,train
HardBreakRoute_Town03_Route38_Weather12,base,train
HardBreakRoute_Town04_Route39_Weather13,base,train
HardBreakRoute_Town04_Route40_Weather14,base,train
HardBreakRoute_Town04_Route41_Weather15,base,train
HardBreakRoute_Town05_Route42_Weather8,base,train
HardBreakRoute_Town05_Route43_Weather9,base,train
HardBreakRoute_Town05_Route44_Weather18,base,train
HardBreakRoute_Town06_Route45_Weather19,base,train
HardBreakRoute_Town06_Route46_Weather20,base,train
HardBreakRoute_Town07_Route47_Weather21,base,train
HardBreakRoute_Town07_Route48_Weather22,base,train
HardBreakRoute_Town10HD_Route49_Weather23,base,train
HardBreakRoute_Town11_Route50_Weather23,base,train
HardBreakRoute_Town12_Route51_Weather25,base,train
HardBreakRoute_Town12_Route52_Weather0,base,train
HardBreakRoute_Town12_Route53_Weather1,base,train
HardBreakRoute_Town13_Route1337_Weather26,base,train
HardBreakRoute_Town13_Route1338_Weather26,base,train
HardBreakRoute_Town13_Route1339_Weather26,base,train
HardBreakRoute_Town13_Route1340_Weather26,base,train
HardBreakRoute_Town13_Route1341_Weather26,base,train
HardBreakRoute_Town13_Route54_Weather2,base,train
HardBreakRoute_Town13_Route55_Weather3,base,train
HardBreakRoute_Town13_Route56_Weather3,base,train
HardBreakRoute_Town15_Route57_Weather5,base,train
HardBreakRoute_Town15_Route58_Weather6,base,train
HardBreakRoute_Town15_Route59_Weather7,base,train
HazardAtSideLaneTwoWays_Town12_Route1128_Weather10,base,train
HazardAtSideLaneTwoWays_Town12_Route1129_Weather11,base,train
HazardAtSideLaneTwoWays_Town12_Route1130_Weather12,base,train
HazardAtSideLaneTwoWays_Town12_Route1131_Weather13,base,train
HazardAtSideLaneTwoWays_Town12_Route1132_Weather14,base,train
HazardAtSideLaneTwoWays_Town12_Route1133_Weather15,base,train
HazardAtSideLaneTwoWays_Town12_Route1134_Weather8,base,train
HazardAtSideLaneTwoWays_Town12_Route1135_Weather9,base,train
HazardAtSideLaneTwoWays_Town12_Route1136_Weather18,base,train
HazardAtSideLaneTwoWays_Town12_Route1137_Weather19,base,train
HazardAtSideLaneTwoWays_Town12_Route1138_Weather20,base,train
HazardAtSideLaneTwoWays_Town12_Route1139_Weather21,base,train
HazardAtSideLaneTwoWays_Town12_Route1140_Weather22,base,train
HazardAtSideLaneTwoWays_Town12_Route1141_Weather23,base,train
HazardAtSideLaneTwoWays_Town12_Route1142_Weather23,base,train
HazardAtSideLaneTwoWays_Town12_Route1143_Weather25,base,train
HazardAtSideLaneTwoWays_Town12_Route1144_Weather0,base,train
HazardAtSideLaneTwoWays_Town12_Route1145_Weather1,base,train
HazardAtSideLaneTwoWays_Town12_Route1146_Weather2,base,train
HazardAtSideLaneTwoWays_Town12_Route1147_Weather3,base,train
HazardAtSideLaneTwoWays_Town12_Route1151_Weather7,base,val
HazardAtSideLaneTwoWays_Town12_Route1152_Weather8,base,train
HazardAtSideLaneTwoWays_Town12_Route1153_Weather9,base,train
HazardAtSideLaneTwoWays_Town12_Route1154_Weather10,base,train
HazardAtSideLaneTwoWays_Town12_Route1155_Weather11,base,train
HazardAtSideLaneTwoWays_Town12_Route1156_Weather12,base,train
HazardAtSideLaneTwoWays_Town12_Route1157_Weather13,base,train
HazardAtSideLane_Town03_Route105_Weather22,base,train
HazardAtSideLane_Town03_Route106_Weather23,base,train
HazardAtSideLane_Town04_Route164_Weather8,base,train
HazardAtSideLane_Town05_Route222_Weather0,base,train
HazardAtSideLane_Town05_Route223_Weather15,base,train
HazardAtSideLane_Town05_Route263_Weather3,base,train
HazardAtSideLane_Town06_Route283_Weather23,base,train
HazardAtSideLane_Town06_Route329_Weather9,base,train
HazardAtSideLane_Town10HD_Route373_Weather9,base,val
HazardAtSideLane_Town12_Route1506_Weather0,base,train
HazardAtSideLane_Town12_Route1507_Weather1,base,train
HazardAtSideLane_Town12_Route1508_Weather2,base,train
HazardAtSideLane_Town12_Route1512_Weather7,base,train
HazardAtSideLane_Town12_Route1515_Weather12,base,train
HazardAtSideLane_Town12_Route1516_Weather13,base,train
HazardAtSideLane_Town12_Route1517_Weather14,base,train
HazardAtSideLane_Town12_Route1518_Weather15,base,train
HazardAtSideLane_Town12_Route1519_Weather8,base,train
HazardAtSideLane_Town12_Route1520_Weather9,base,train
HazardAtSideLane_Town12_Route1521_Weather18,base,train
HazardAtSideLane_Town12_Route1523_Weather20,base,train
HazardAtSideLane_Town12_Route1524_Weather21,base,train
HazardAtSideLane_Town12_Route1525_Weather22,base,train
HazardAtSideLane_Town12_Route1526_Weather23,base,train
HazardAtSideLane_Town12_Route1527_Weather25,base,train
HazardAtSideLane_Town12_Route1528_Weather0,base,train
HazardAtSideLane_Town12_Route1530_Weather2,base,train
HazardAtSideLane_Town12_Route1532_Weather5,base,train
HazardAtSideLane_Town12_Route1533_Weather6,base,train
HazardAtSideLane_Town12_Route1534_Weather7,base,train
HazardAtSideLane_Town12_Route1535_Weather10,base,train
HazardAtSideLane_Town12_Route1536_Weather11,base,train
HazardAtSideLane_Town12_Route1537_Weather12,base,train
HazardAtSideLane_Town12_Route1538_Weather13,base,train
HazardAtSideLane_Town12_Route774_Weather20,base,train
HazardAtSideLane_Town12_Route775_Weather12,base,train
HazardAtSideLane_Town12_Route777_Weather23,base,train
HazardAtSideLane_Town12_Route915_Weather7,base,train
HazardAtSideLane_Town12_Route960_Weather20,base,train
HazardAtSideLane_Town12_Route961_Weather25,base,train
HazardAtSideLane_Town13_Route558_Weather12,base,train
HazardAtSideLane_Town15_Route420_Weather3,base,train
HazardAtSideLane_Town15_Route421_Weather5,base,train
HighwayCutIn_Town06_Route298_Weather20,base,train
HighwayCutIn_Town06_Route299_Weather13,base,train
HighwayCutIn_Town06_Route300_Weather14,base,train
HighwayCutIn_Town06_Route320_Weather8,base,train
HighwayCutIn_Town06_Route321_Weather9,base,train
HighwayCutIn_Town06_Route322_Weather10,base,train
HighwayCutIn_Town12_Route1005_Weather9,base,train
HighwayCutIn_Town12_Route1006_Weather18,base,train
HighwayCutIn_Town12_Route1029_Weather15,base,val
HighwayCutIn_Town12_Route1042_Weather2,base,train
HighwayCutIn_Town12_Route1047_Weather7,base,train
HighwayCutIn_Town12_Route1052_Weather12,base,train
HighwayCutIn_Town12_Route849_Weather9,base,train
HighwayCutIn_Town12_Route850_Weather18,base,train
HighwayCutIn_Town12_Route851_Weather19,base,train
HighwayCutIn_Town12_Route940_Weather3,base,train
HighwayCutIn_Town12_Route974_Weather12,base,train
HighwayCutIn_Town13_Route628_Weather3,base,train
HighwayCutIn_Town13_Route629_Weather5,base,train
HighwayCutIn_Town13_Route630_Weather6,base,train
HighwayCutIn_Town13_Route631_Weather7,base,train
HighwayCutIn_Town13_Route685_Weather9,base,train
HighwayCutIn_Town13_Route713_Weather11,base,train
HighwayCutIn_Town13_Route734_Weather6,base,train
HighwayCutIn_Town13_Route745_Weather9,base,train
HighwayCutIn_Town13_Route750_Weather22,base,train
HighwayCutIn_Town13_Route751_Weather23,base,train
HighwayExit_Town06_Route291_Weather5,base,train
HighwayExit_Town06_Route292_Weather14,base,train
HighwayExit_Town06_Route293_Weather15,base,train
HighwayExit_Town06_Route311_Weather25,base,train
HighwayExit_Town06_Route312_Weather0,base,val
HighwayExit_Town06_Route313_Weather1,base,train
HighwayExit_Town12_Route1000_Weather12,base,train
HighwayExit_Town12_Route1028_Weather14,base,train
HighwayExit_Town12_Route1041_Weather1,base,train
HighwayExit_Town12_Route1046_Weather6,base,train
HighwayExit_Town12_Route1051_Weather11,base,train
HighwayExit_Town12_Route1324_Weather0,base,train
HighwayExit_Town12_Route1326_Weather2,base,train
HighwayExit_Town12_Route1327_Weather3,base,train
HighwayExit_Town12_Route1331_Weather10,base,train
HighwayExit_Town12_Route838_Weather6,base,train
HighwayExit_Town12_Route841_Weather9,base,train
HighwayExit_Town13_Route619_Weather21,base,train
HighwayExit_Town13_Route620_Weather22,base,train
HighwayExit_Town13_Route621_Weather23,base,train
HighwayExit_Town13_Route622_Weather23,base,train
HighwayExit_Town13_Route683_Weather7,base,train
HighwayExit_Town13_Route704_Weather2,base,train
HighwayExit_Town13_Route705_Weather3,base,train
HighwayExit_Town13_Route706_Weather3,base,train
HighwayExit_Town13_Route744_Weather8,base,train
HighwayExit_Town13_Route748_Weather20,base,train
HighwayExit_Town13_Route749_Weather21,base,train
InterurbanActorFlow_Town06_Route294_Weather8,base,train
InterurbanActorFlow_Town06_Route314_Weather2,base,train
InterurbanActorFlow_Town06_Route315_Weather3,base,train
InterurbanActorFlow_Town06_Route316_Weather3,base,train
InterurbanActorFlow_Town12_Route1291_Weather1,base,val
InterurbanActorFlow_Town12_Route1292_Weather2,base,train
InterurbanActorFlow_Town12_Route1296_Weather7,base,train
InterurbanActorFlow_Town12_Route842_Weather10,base,train
InterurbanActorFlow_Town12_Route843_Weather11,base,train
InterurbanActorFlow_Town13_Route623_Weather25,base,train
InterurbanActorFlow_Town13_Route707_Weather5,base,train
InterurbanActorFlow_Town13_Route708_Weather6,base,train
InterurbanAdvancedActorFlow_Town06_Route301_Weather15,base,train
InterurbanAdvancedActorFlow_Town06_Route302_Weather21,base,train
InterurbanAdvancedActorFlow_Town06_Route303_Weather22,base,train
InterurbanAdvancedActorFlow_Town06_Route324_Weather2,base,val
InterurbanAdvancedActorFlow_Town06_Route325_Weather13,base,train
InterurbanAdvancedActorFlow_Town06_Route330_Weather18,base,train
InterurbanAdvancedActorFlow_Town06_Route331_Weather19,base,train
InterurbanAdvancedActorFlow_Town12_Route1030_Weather8,base,train
InterurbanAdvancedActorFlow_Town12_Route1048_Weather8,base,train
InterurbanAdvancedActorFlow_Town12_Route854_Weather22,base,train
InterurbanAdvancedActorFlow_Town13_Route634_Weather10,base,train
InterurbanAdvancedActorFlow_Town13_Route686_Weather10,base,train
InterurbanAdvancedActorFlow_Town13_Route715_Weather13,base,train
InterurbanAdvancedActorFlow_Town13_Route753_Weather25,base,train
InvadingTurn_Town02_Route95_Weather9,base,val
InvadingTurn_Town02_Route99_Weather21,base,train
InvadingTurn_Town04_Route217_Weather9,base,train
InvadingTurn_Town05_Route230_Weather22,base,train
InvadingTurn_Town05_Route231_Weather23,base,train
InvadingTurn_Town05_Route266_Weather6,base,train
InvadingTurn_Town12_Route796_Weather8,base,train
InvadingTurn_Town12_Route924_Weather14,base,train
InvadingTurn_Town12_Route925_Weather15,base,train
InvadingTurn_Town13_Route575_Weather3,base,train
InvadingTurn_Town13_Route578_Weather6,base,train
InvadingTurn_Town15_Route434_Weather18,base,train
InvadingTurn_Town15_Route436_Weather20,base,train
LaneChange_Town04_Route24315_Weather3,weak,train
LaneChange_Town04_Route24325_Weather14,weak,val
LaneChange_Town05_Route24259_Weather19,weak,val
LaneChange_Town05_Route24359_Weather1,weak,train
LaneChange_Town06_Route24237_Weather20,weak,train
LaneChange_Town06_Route24247_Weather5,weak,train
LaneChange_Town06_Route277_Weather9,base,train
LaneChange_Town06_Route326_Weather3,base,train
LaneChange_Town10HD_Route24200_Weather3,weak,train
LaneChange_Town12_Route1644_Weather0,weak,train
LaneChange_Town12_Route1654_Weather10,weak,train
LaneChange_Town12_Route1656_Weather12,weak,train
LaneChange_Town12_Route1659_Weather15,weak,train
LaneChange_Town12_Route17553_Weather2,weak,train
LaneChange_Town12_Route17563_Weather12,weak,train
LaneChange_Town12_Route17569_Weather18,weak,train
LaneChange_Town12_Route17570_Weather19,weak,train
LaneChange_Town12_Route17572_Weather21,weak,train
LaneChange_Town12_Route17575_Weather23,weak,train
LaneChange_Town12_Route17578_Weather1,weak,train
LaneChange_Town12_Route17581_Weather3,weak,train
LaneChange_Town12_Route17587_Weather10,weak,train
LaneChange_Town12_Route17588_Weather11,weak,train
LaneChange_Town12_Route17598_Weather21,weak,train
LaneChange_Town12_Route17611_Weather8,weak,train
LaneChange_Town12_Route17612_Weather9,weak,train
LaneChange_Town12_Route17614_Weather11,weak,train
LaneChange_Town12_Route17624_Weather21,weak,train
LaneChange_Town12_Route17635_Weather6,weak,train
LaneChange_Town12_Route17646_Weather9,weak,train
LaneChange_Town12_Route17655_Weather0,weak,train
LaneChange_Town12_Route17663_Weather8,weak,train
LaneChange_Town12_Route17668_Weather13,weak,train
LaneChange_Town12_Route17671_Weather8,weak,train
LaneChange_Town12_Route17672_Weather9,weak,train
LaneChange_Town12_Route17689_Weather8,weak,train
LaneChange_Town12_Route17691_Weather10,weak,train
LaneChange_Town12_Route17695_Weather14,weak,train
LaneChange_Town12_Route2425_Weather1,weak,train
LaneChange_Town12_Route2431_Weather7,weak,train
LaneChange_Town12_Route2432_Weather8,weak,train
LaneChange_Town12_Route2435_Weather11,weak,train
LaneChange_Town12_Route756_Weather2,base,train
LaneChange_Town12_Route757_Weather10,base,train
LaneChange_Town12_Route892_Weather8,base,train
LaneChange_Town12_Route983_Weather5,base,train
LaneChange_Town12_Route984_Weather22,base,train
LaneChange_Town13_Route3207_Weather3,weak,train
LaneChange_Town13_Route3208_Weather5,weak,train
LaneChange_Town13_Route3217_Weather14,weak,train
LaneChange_Town13_Route664_Weather14,base,train
LaneChange_Town13_Route725_Weather23,base,train
LaneChange_Town13_Route726_Weather21,base,train
LaneChange_Town13_Route739_Weather25,base,train
LaneChange_Town13_Route743_Weather3,base,train
LaneChange_Town15_Route24303_Weather15,weak,val
MergerIntoSlowTrafficV2_Town12_Route1009_Weather21,base,train
MergerIntoSlowTrafficV2_Town12_Route1010_Weather22,base,train
MergerIntoSlowTrafficV2_Town12_Route1031_Weather9,base,train
MergerIntoSlowTrafficV2_Town12_Route1043_Weather3,base,train
MergerIntoSlowTrafficV2_Town12_Route1053_Weather13,base,train
MergerIntoSlowTrafficV2_Town12_Route1055_Weather15,base,train
MergerIntoSlowTrafficV2_Town12_Route1056_Weather8,base,train
MergerIntoSlowTrafficV2_Town12_Route1057_Weather9,base,train
MergerIntoSlowTrafficV2_Town12_Route1058_Weather18,base,train
MergerIntoSlowTrafficV2_Town12_Route1059_Weather19,base,train
MergerIntoSlowTrafficV2_Town12_Route1060_Weather20,base,train
MergerIntoSlowTrafficV2_Town12_Route856_Weather23,base,train
MergerIntoSlowTrafficV2_Town12_Route857_Weather25,base,val
MergerIntoSlowTrafficV2_Town12_Route858_Weather0,base,train
MergerIntoSlowTrafficV2_Town12_Route859_Weather1,base,train
MergerIntoSlowTrafficV2_Town12_Route941_Weather5,base,train
MergerIntoSlowTrafficV2_Town12_Route976_Weather14,base,train
MergerIntoSlowTraffic_Town06_Route317_Weather5,base,val
MergerIntoSlowTraffic_Town12_Route844_Weather12,base,train
MergerIntoSlowTraffic_Town12_Route845_Weather13,base,train
MergerIntoSlowTraffic_Town12_Route973_Weather11,base,train
MergerIntoSlowTraffic_Town13_Route626_Weather2,base,train
MergerIntoSlowTraffic_Town13_Route627_Weather3,base,train
NonSignalizedJunctionLeftTurnEnterFlow_Town12_Route1022_Weather8,base,train
NonSignalizedJunctionLeftTurnEnterFlow_Town12_Route1035_Weather21,base,train
NonSignalizedJunctionLeftTurnEnterFlow_Town12_Route888_Weather3,base,train
NonSignalizedJunctionLeftTurnEnterFlow_Town12_Route891_Weather7,base,train
NonSignalizedJunctionLeftTurnEnterFlow_Town12_Route982_Weather20,base,train
NonSignalizedJunctionLeftTurnEnterFlow_Town13_Route660_Weather10,base,train
NonSignalizedJunctionLeftTurnEnterFlow_Town13_Route722_Weather20,base,train
NonSignalizedJunctionLeftTurnEnterFlow_Town13_Route723_Weather21,base,train
NonSignalizedJunctionLeftTurnEnterFlow_Town13_Route724_Weather22,base,train
NonSignalizedJunctionLeftTurnEnterFlow_Town13_Route738_Weather10,base,train
NonSignalizedJunctionLeftTurnEnterFlow_Town15_Route460_Weather18,base,train
NonSignalizedJunctionLeftTurnEnterFlow_Town15_Route499_Weather5,base,train
NonSignalizedJunctionLeftTurnEnterFlow_Town15_Route512_Weather18,base,train
NonSignalizedJunctionLeftTurnEnterFlow_Town15_Route532_Weather12,base,train
NonSignalizedJunctionLeftTurnEnterFlow_Town15_Route533_Weather13,base,train
NonSignalizedJunctionLeftTurnEnterFlow_Town15_Route537_Weather9,base,train
NonSignalizedJunctionLeftTurn_Town03_Route122_Weather26,base,train
NonSignalizedJunctionLeftTurn_Town03_Route123_Weather26,base,train
NonSignalizedJunctionLeftTurn_Town03_Route124_Weather26,base,train
NonSignalizedJunctionLeftTurn_Town03_Route153_Weather26,base,train
NonSignalizedJunctionLeftTurn_Town04_Route181_Weather15,base,train
NonSignalizedJunctionLeftTurn_Town04_Route182_Weather26,base,train
NonSignalizedJunctionLeftTurn_Town04_Route183_Weather1,base,train
NonSignalizedJunctionLeftTurn_Town04_Route212_Weather26,base,train
NonSignalizedJunctionLeftTurn_Town05_Route238_Weather26,base,train
NonSignalizedJunctionLeftTurn_Town05_Route239_Weather26,base,train
NonSignalizedJunctionLeftTurn_Town05_Route240_Weather26,base,train
NonSignalizedJunctionLeftTurn_Town07_Route344_Weather6,base,train
NonSignalizedJunctionLeftTurn_Town07_Route369_Weather18,base,train
NonSignalizedJunctionLeftTurn_Town12_Route1350_Weather0,base,train
NonSignalizedJunctionLeftTurn_Town12_Route1351_Weather1,base,train
NonSignalizedJunctionLeftTurn_Town12_Route1352_Weather2,base,train
NonSignalizedJunctionLeftTurn_Town12_Route1353_Weather3,base,train
NonSignalizedJunctionLeftTurn_Town12_Route1355_Weather6,base,train
NonSignalizedJunctionLeftTurn_Town12_Route1356_Weather7,base,train
NonSignalizedJunctionLeftTurn_Town12_Route1357_Weather10,base,train
NonSignalizedJunctionLeftTurn_Town12_Route1358_Weather11,base,train
NonSignalizedJunctionLeftTurn_Town12_Route1359_Weather12,base,train
NonSignalizedJunctionLeftTurn_Town12_Route1361_Weather14,base,train
NonSignalizedJunctionLeftTurn_Town12_Route1362_Weather15,base,train
NonSignalizedJunctionLeftTurn_Town12_Route1363_Weather8,base,train
NonSignalizedJunctionLeftTurn_Town12_Route810_Weather10,base,train
NonSignalizedJunctionLeftTurn_Town12_Route812_Weather12,base,train
NonSignalizedJunctionLeftTurn_Town12_Route813_Weather26,base,train
NonSignalizedJunctionLeftTurn_Town12_Route930_Weather20,base,train
NonSignalizedJunctionLeftTurn_Town12_Route966_Weather3,base,train
NonSignalizedJunctionLeftTurn_Town13_Route592_Weather26,base,train
NonSignalizedJunctionLeftTurn_Town13_Route593_Weather26,base,train
NonSignalizedJunctionLeftTurn_Town13_Route594_Weather26,base,train
NonSignalizedJunctionRightTurn_Town03_Route126_Weather18,base,val
NonSignalizedJunctionRightTurn_Town04_Route184_Weather2,base,train
NonSignalizedJunctionRightTurn_Town04_Route185_Weather9,base,train
NonSignalizedJunctionRightTurn_Town07_Route345_Weather14,base,train
NonSignalizedJunctionRightTurn_Town07_Route346_Weather15,base,train
NonSignalizedJunctionRightTurn_Town12_Route1024_Weather10,base,train
NonSignalizedJunctionRightTurn_Town12_Route815_Weather9,base,train
NonSignalizedJunctionRightTurn_Town12_Route816_Weather15,base,train
NonSignalizedJunctionRightTurn_Town12_Route817_Weather11,base,train
NonSignalizedJunctionRightTurn_Town12_Route931_Weather21,base,train
NonSignalizedJunctionRightTurn_Town12_Route967_Weather25,base,train
NonSignalizedJunctionRightTurn_Town13_Route595_Weather11,base,train
NonSignalizedJunctionRightTurn_Town13_Route596_Weather23,base,train
NonSignalizedJunctionRightTurn_Town13_Route598_Weather0,base,train
OppositeVehicleRunningRedLight_Town03_Route119_Weather12,base,train
OppositeVehicleRunningRedLight_Town03_Route120_Weather8,base,train
OppositeVehicleRunningRedLight_Town03_Route121_Weather13,base,train
OppositeVehicleRunningRedLight_Town03_Route152_Weather22,base,train
OppositeVehicleRunningRedLight_Town04_Route178_Weather22,base,train
OppositeVehicleRunningRedLight_Town04_Route179_Weather14,base,train
OppositeVehicleRunningRedLight_Town04_Route180_Weather23,base,val
OppositeVehicleRunningRedLight_Town05_Route235_Weather1,base,train
OppositeVehicleRunningRedLight_Town05_Route236_Weather10,base,train
OppositeVehicleRunningRedLight_Town05_Route268_Weather8,base,train
OppositeVehicleRunningRedLight_Town07_Route368_Weather3,base,train
OppositeVehicleRunningRedLight_Town12_Route807_Weather1,base,train
OppositeVehicleRunningRedLight_Town12_Route809_Weather3,base,train
OppositeVehicleRunningRedLight_Town12_Route929_Weather19,base,train
OppositeVehicleRunningRedLight_Town12_Route990_Weather2,base,train
OppositeVehicleRunningRedLight_Town12_Route991_Weather3,base,train
OppositeVehicleRunningRedLight_Town13_Route587_Weather15,base,train
OppositeVehicleRunningRedLight_Town13_Route588_Weather8,base,train
OppositeVehicleRunningRedLight_Town13_Route590_Weather18,base,train
OppositeVehicleRunningRedLight_Town15_Route440_Weather23,base,train
OppositeVehicleRunningRedLight_Town15_Route475_Weather7,base,train
OppositeVehicleTakingPriority_Town03_Route128_Weather23,base,train
OppositeVehicleTakingPriority_Town03_Route155_Weather25,base,train
OppositeVehicleTakingPriority_Town04_Route187_Weather5,base,train
OppositeVehicleTakingPriority_Town04_Route188_Weather6,base,train
OppositeVehicleTakingPriority_Town04_Route189_Weather7,base,train
OppositeVehicleTakingPriority_Town04_Route214_Weather6,base,val
OppositeVehicleTakingPriority_Town05_Route241_Weather7,base,train
OppositeVehicleTakingPriority_Town05_Route242_Weather15,base,train
OppositeVehicleTakingPriority_Town05_Route243_Weather9,base,train
OppositeVehicleTakingPriority_Town05_Route270_Weather6,base,train
OppositeVehicleTakingPriority_Town12_Route1025_Weather11,base,train
OppositeVehicleTakingPriority_Town12_Route1038_Weather23,base,train
OppositeVehicleTakingPriority_Town12_Route818_Weather12,base,train
OppositeVehicleTakingPriority_Town12_Route820_Weather14,base,train
OppositeVehicleTakingPriority_Town12_Route932_Weather22,base,train
OppositeVehicleTakingPriority_Town12_Route968_Weather6,base,train
OppositeVehicleTakingPriority_Town12_Route994_Weather6,base,train
OppositeVehicleTakingPriority_Town12_Route995_Weather7,base,train
OppositeVehicleTakingPriority_Town13_Route600_Weather2,base,train
OppositeVehicleTakingPriority_Town13_Route601_Weather3,base,train
OppositeVehicleTakingPriority_Town15_Route477_Weather9,base,train
ParkedObstacleTwoWays_Town12_Route1158_Weather14,base,train
ParkedObstacleTwoWays_Town12_Route1159_Weather23,base,train
ParkedObstacleTwoWays_Town12_Route1161_Weather9,base,train
ParkedObstacleTwoWays_Town12_Route1163_Weather19,base,train
ParkedObstacleTwoWays_Town12_Route1164_Weather20,base,train
ParkedObstacleTwoWays_Town12_Route1165_Weather21,base,train
ParkedObstacleTwoWays_Town12_Route1166_Weather22,base,train
ParkedObstacleTwoWays_Town12_Route1167_Weather23,base,train
ParkedObstacleTwoWays_Town12_Route1168_Weather23,base,train
ParkedObstacleTwoWays_Town12_Route1169_Weather25,base,train
ParkedObstacleTwoWays_Town12_Route1171_Weather1,base,train
ParkedObstacleTwoWays_Town12_Route1172_Weather2,base,train
ParkedObstacleTwoWays_Town12_Route1173_Weather3,base,train
ParkedObstacleTwoWays_Town12_Route1174_Weather3,base,train
ParkedObstacleTwoWays_Town12_Route1175_Weather5,base,train
ParkedObstacleTwoWays_Town12_Route1178_Weather8,base,train
ParkedObstacleTwoWays_Town12_Route1181_Weather11,base,train
ParkedObstacleTwoWays_Town12_Route1182_Weather12,base,train
ParkedObstacleTwoWays_Town12_Route1183_Weather7,base,train
ParkedObstacleTwoWays_Town13_Route1333_Weather26,base,val
ParkedObstacleTwoWays_Town13_Route1334_Weather26,base,train
ParkedObstacleTwoWays_Town13_Route1335_Weather26,base,train
ParkedObstacleTwoWays_Town13_Route1336_Weather26,base,train
ParkedObstacle_Town03_Route103_Weather25,base,train
ParkedObstacle_Town03_Route147_Weather0,base,train
ParkedObstacle_Town03_Route157_Weather1,base,train
ParkedObstacle_Town04_Route162_Weather6,base,train
ParkedObstacle_Town05_Route220_Weather12,base,train
ParkedObstacle_Town05_Route221_Weather13,base,train
ParkedObstacle_Town05_Route262_Weather1,base,train
ParkedObstacle_Town05_Route273_Weather7,base,train
ParkedObstacle_Town06_Route281_Weather21,base,train
ParkedObstacle_Town06_Route282_Weather22,base,val
ParkedObstacle_Town06_Route309_Weather23,base,train
ParkedObstacle_Town06_Route328_Weather8,base,train
ParkedObstacle_Town10HD_Route371_Weather7,base,train
ParkedObstacle_Town10HD_Route372_Weather8,base,val
ParkedObstacle_Town11_Route395_Weather5,base,train
ParkedObstacle_Town12_Route770_Weather8,base,train
ParkedObstacle_Town12_Route771_Weather9,base,train
ParkedObstacle_Town12_Route772_Weather11,base,train
ParkedObstacle_Town12_Route773_Weather19,base,train
ParkedObstacle_Town12_Route958_Weather22,base,train
ParkedObstacle_Town12_Route959_Weather23,base,train
ParkedObstacle_Town13_Route553_Weather11,base,train
ParkedObstacle_Town13_Route554_Weather12,base,train
ParkedObstacle_Town13_Route555_Weather9,base,train
ParkedObstacle_Town13_Route556_Weather10,base,train
ParkedObstacle_Town15_Route415_Weather25,base,train
ParkedObstacle_Town15_Route417_Weather1,base,train
ParkedObstacle_Town15_Route418_Weather2,base,train
ParkingCrossingPedestrian_Town12_Route758_Weather3,base,train
ParkingCrossingPedestrian_Town12_Route759_Weather5,base,train
ParkingCrossingPedestrian_Town12_Route760_Weather6,base,train
ParkingCrossingPedestrian_Town12_Route761_Weather7,base,train
ParkingCrossingPedestrian_Town12_Route896_Weather12,base,train
ParkingCrossingPedestrian_Town12_Route897_Weather13,base,train
ParkingCrossingPedestrian_Town12_Route898_Weather14,base,train
ParkingCrossingPedestrian_Town12_Route899_Weather15,base,train
ParkingCrossingPedestrian_Town12_Route952_Weather8,base,train
ParkingCrossingPedestrian_Town12_Route953_Weather9,base,train
ParkingCrossingPedestrian_Town13_Route545_Weather25,base,val
ParkingCrossingPedestrian_Town13_Route668_Weather18,base,train
ParkingCrossingPedestrian_Town13_Route669_Weather19,base,train
ParkingCrossingPedestrian_Town13_Route727_Weather25,base,train
ParkingCrossingPedestrian_Town13_Route728_Weather0,base,train
ParkingCrossingPedestrian_Town15_Route403_Weather13,base,train
ParkingCrossingPedestrian_Town15_Route405_Weather15,base,train
ParkingCrossingPedestrian_Town15_Route462_Weather20,base,train
ParkingCrossingPedestrian_Town15_Route513_Weather19,base,train
ParkingCrossingPedestrian_Town15_Route514_Weather0,base,train
ParkingCutIn_Town12_Route1300_Weather13,base,train
ParkingCutIn_Town12_Route1301_Weather14,base,train
ParkingCutIn_Town12_Route1302_Weather15,base,train
ParkingCutIn_Town12_Route1303_Weather8,base,train
ParkingCutIn_Town12_Route1304_Weather9,base,train
ParkingCutIn_Town12_Route1310_Weather0,base,train
ParkingCutIn_Town12_Route1311_Weather1,base,train
ParkingCutIn_Town12_Route1312_Weather2,base,train
ParkingCutIn_Town12_Route1313_Weather3,base,train
ParkingCutIn_Town12_Route1314_Weather5,base,train
ParkingCutIn_Town12_Route1315_Weather6,base,train
ParkingCutIn_Town12_Route762_Weather8,base,train
ParkingCutIn_Town12_Route763_Weather9,base,train
ParkingCutIn_Town12_Route764_Weather10,base,train
ParkingCutIn_Town12_Route765_Weather11,base,train
ParkingCutIn_Town12_Route900_Weather19,base,train
ParkingCutIn_Town12_Route901_Weather9,base,train
ParkingCutIn_Town12_Route902_Weather18,base,train
ParkingCutIn_Town12_Route903_Weather20,base,train
ParkingCutIn_Town12_Route954_Weather18,base,train
ParkingCutIn_Town12_Route955_Weather19,base,train
ParkingCutIn_Town13_Route1342_Weather0,base,train
ParkingCutIn_Town13_Route1343_Weather1,base,val
ParkingCutIn_Town13_Route1344_Weather2,base,train
ParkingCutIn_Town13_Route1345_Weather3,base,train
ParkingCutIn_Town13_Route1346_Weather5,base,train
ParkingCutIn_Town13_Route1347_Weather6,base,train
ParkingCutIn_Town13_Route1348_Weather7,base,train
ParkingCutIn_Town13_Route1349_Weather10,base,train
ParkingCutIn_Town13_Route546_Weather0,base,train
ParkingCutIn_Town13_Route547_Weather1,base,train
ParkingCutIn_Town13_Route548_Weather2,base,train
ParkingCutIn_Town13_Route549_Weather3,base,train
ParkingCutIn_Town13_Route670_Weather20,base,train
ParkingCutIn_Town13_Route671_Weather21,base,train
ParkingCutIn_Town13_Route672_Weather22,base,train
ParkingCutIn_Town13_Route696_Weather20,base,train
ParkingCutIn_Town13_Route729_Weather1,base,train
ParkingExit_Town12_Route1305_Weather18,base,train
ParkingExit_Town12_Route1307_Weather20,base,train
ParkingExit_Town12_Route1308_Weather21,base,train
ParkingExit_Town12_Route1309_Weather22,base,train
ParkingExit_Town12_Route1316_Weather0,base,train
ParkingExit_Town12_Route1318_Weather2,base,train
ParkingExit_Town12_Route1319_Weather3,base,train
ParkingExit_Town12_Route1320_Weather5,base,train
ParkingExit_Town12_Route1321_Weather6,base,train
ParkingExit_Town12_Route1322_Weather7,base,train
ParkingExit_Town12_Route786_Weather6,base,train
ParkingExit_Town12_Route787_Weather7,base,train
ParkingExit_Town12_Route788_Weather8,base,train
ParkingExit_Town12_Route789_Weather9,base,train
ParkingExit_Town12_Route920_Weather10,base,train
ParkingExit_Town12_Route922_Weather12,base,val
ParkingExit_Town12_Route923_Weather13,base,train
ParkingExit_Town13_Route567_Weather21,base,train
ParkingExit_Town13_Route568_Weather22,base,train
ParkingExit_Town13_Route569_Weather23,base,train
ParkingExit_Town13_Route570_Weather23,base,train
ParkingExit_Town13_Route676_Weather0,base,train
ParkingExit_Town13_Route677_Weather1,base,train
ParkingExit_Town13_Route678_Weather2,base,train
ParkingExit_Town13_Route697_Weather21,base,train
ParkingExit_Town13_Route731_Weather3,base,train
ParkingExit_Town13_Route732_Weather3,base,train
PedestrianCrossing_Town12_Route1013_Weather25,base,train
PedestrianCrossing_Town12_Route1014_Weather0,base,train
PedestrianCrossing_Town12_Route1033_Weather20,base,train
PedestrianCrossing_Town12_Route1045_Weather5,base,train
PedestrianCrossing_Town12_Route864_Weather6,base,train
PedestrianCrossing_Town12_Route865_Weather7,base,train
PedestrianCrossing_Town12_Route866_Weather8,base,train
PedestrianCrossing_Town12_Route867_Weather9,base,train
PedestrianCrossing_Town12_Route943_Weather7,base,train
PedestrianCrossing_Town13_Route636_Weather12,base,train
PedestrianCrossing_Town13_Route637_Weather13,base,train
PedestrianCrossing_Town13_Route638_Weather14,base,train
PedestrianCrossing_Town13_Route687_Weather11,base,train
PedestrianCrossing_Town13_Route716_Weather14,base,train
PedestrianCrossing_Town13_Route718_Weather8,base,train
PedestrianCrossing_Town13_Route736_Weather8,base,train
PedestrianCrossing_Town13_Route747_Weather19,base,val
PedestrianCrossing_Town15_Route448_Weather6,base,train
PedestrianCrossing_Town15_Route506_Weather12,base,train
PedestrianCrossing_Town15_Route526_Weather6,base,train
SignalizedJunctionLeftTurnEnterFlow_Town12_Route1019_Weather5,base,train
SignalizedJunctionLeftTurnEnterFlow_Town12_Route1020_Weather6,base,train
SignalizedJunctionLeftTurnEnterFlow_Town12_Route1034_Weather20,base,train
SignalizedJunctionLeftTurnEnterFlow_Town12_Route884_Weather0,base,train
SignalizedJunctionLeftTurnEnterFlow_Town12_Route885_Weather14,base,train
SignalizedJunctionLeftTurnEnterFlow_Town12_Route887_Weather3,base,train
SignalizedJunctionLeftTurnEnterFlow_Town12_Route948_Weather9,base,train
SignalizedJunctionLeftTurnEnterFlow_Town12_Route981_Weather19,base,train
SignalizedJunctionLeftTurnEnterFlow_Town13_Route1627_Weather3,base,train
SignalizedJunctionLeftTurnEnterFlow_Town13_Route1629_Weather6,base,train
SignalizedJunctionLeftTurnEnterFlow_Town13_Route1630_Weather7,base,train
SignalizedJunctionLeftTurnEnterFlow_Town13_Route1631_Weather10,base,train
SignalizedJunctionLeftTurnEnterFlow_Town13_Route1633_Weather12,base,train
SignalizedJunctionLeftTurnEnterFlow_Town13_Route1636_Weather15,base,train
SignalizedJunctionLeftTurnEnterFlow_Town13_Route657_Weather2,base,val
SignalizedJunctionLeftTurnEnterFlow_Town13_Route658_Weather8,base,train
SignalizedJunctionLeftTurnEnterFlow_Town13_Route659_Weather3,base,train
SignalizedJunctionLeftTurnEnterFlow_Town13_Route692_Weather8,base,train
SignalizedJunctionLeftTurnEnterFlow_Town13_Route719_Weather18,base,train
SignalizedJunctionLeftTurnEnterFlow_Town13_Route720_Weather19,base,train
SignalizedJunctionLeftTurnEnterFlow_Town13_Route721_Weather19,base,train
SignalizedJunctionLeftTurnEnterFlow_Town15_Route498_Weather23,base,train
SignalizedJunctionLeftTurnEnterFlow_Town15_Route511_Weather9,base,train
SignalizedJunctionLeftTurnEnterFlow_Town15_Route529_Weather9,base,train
SignalizedJunctionLeftTurnEnterFlow_Town15_Route531_Weather11,base,train
SignalizedJunctionLeftTurnEnterFlow_Town15_Route536_Weather8,base,train
SignalizedJunctionLeftTurn_Town03_Route113_Weather26,base,train
SignalizedJunctionLeftTurn_Town03_Route114_Weather6,base,train
SignalizedJunctionLeftTurn_Town03_Route150_Weather26,base,train
SignalizedJunctionLeftTurn_Town04_Route172_Weather8,base,train
SignalizedJunctionLeftTurn_Town04_Route173_Weather26,base,val
SignalizedJunctionLeftTurn_Town04_Route174_Weather18,base,train
SignalizedJunctionLeftTurn_Town05_Route232_Weather23,base,train
SignalizedJunctionLeftTurn_Town05_Route233_Weather6,base,train
SignalizedJunctionLeftTurn_Town05_Route234_Weather7,base,train
SignalizedJunctionLeftTurn_Town05_Route267_Weather3,base,train
SignalizedJunctionLeftTurn_Town07_Route334_Weather26,base,train
SignalizedJunctionLeftTurn_Town07_Route336_Weather23,base,train
SignalizedJunctionLeftTurn_Town07_Route366_Weather2,base,train
SignalizedJunctionLeftTurn_Town10HD_Route380_Weather21,base,train
SignalizedJunctionLeftTurn_Town10HD_Route381_Weather22,base,train
SignalizedJunctionLeftTurn_Town12_Route1470_Weather5,base,train
SignalizedJunctionLeftTurn_Town13_Route580_Weather26,base,train
SignalizedJunctionLeftTurn_Town13_Route581_Weather26,base,train
SignalizedJunctionLeftTurn_Town15_Route437_Weather26,base,train
SignalizedJunctionLeftTurn_Town15_Route471_Weather26,base,train
SignalizedJunctionRightTurn_Town03_Route118_Weather14,base,val
SignalizedJunctionRightTurn_Town04_Route176_Weather20,base,train
SignalizedJunctionRightTurn_Town04_Route177_Weather13,base,train
SignalizedJunctionRightTurn_Town04_Route211_Weather3,base,train
SignalizedJunctionRightTurn_Town07_Route338_Weather10,base,train
SignalizedJunctionRightTurn_Town07_Route339_Weather1,base,train
SignalizedJunctionRightTurn_Town12_Route803_Weather23,base,train
SignalizedJunctionRightTurn_Town12_Route804_Weather5,base,train
SignalizedJunctionRightTurn_Town12_Route805_Weather25,base,train
SignalizedJunctionRightTurn_Town12_Route964_Weather2,base,train
SignalizedJunctionRightTurn_Town12_Route988_Weather0,base,train
SignalizedJunctionRightTurn_Town13_Route583_Weather11,base,train
SignalizedJunctionRightTurn_Town15_Route438_Weather7,base,train
SignalizedJunctionRightTurn_Town15_Route473_Weather5,base,train
StaticCutIn_Town03_Route109_Weather1,base,train
StaticCutIn_Town03_Route110_Weather6,base,train
StaticCutIn_Town03_Route149_Weather19,base,train
StaticCutIn_Town03_Route158_Weather2,base,train
StaticCutIn_Town04_Route168_Weather12,base,train
StaticCutIn_Town04_Route208_Weather0,base,train
StaticCutIn_Town04_Route216_Weather8,base,train
StaticCutIn_Town05_Route226_Weather18,base,val
StaticCutIn_Town05_Route227_Weather2,base,train
StaticCutIn_Town05_Route265_Weather5,base,train
StaticCutIn_Town05_Route275_Weather15,base,train
StaticCutIn_Town06_Route287_Weather1,base,train
StaticCutIn_Town06_Route288_Weather2,base,train
StaticCutIn_Town12_Route782_Weather2,base,train
StaticCutIn_Town12_Route783_Weather3,base,train
StaticCutIn_Town12_Route785_Weather5,base,train
StaticCutIn_Town13_Route563_Weather9,base,train
StaticCutIn_Town13_Route564_Weather18,base,train
StaticCutIn_Town13_Route565_Weather8,base,train
StaticCutIn_Town13_Route566_Weather20,base,train
StaticCutIn_Town15_Route426_Weather10,base,train
StaticCutIn_Town15_Route427_Weather11,base,train
StaticCutIn_Town15_Route428_Weather12,base,train
StaticCutIn_Town15_Route429_Weather13,base,train
TJunction_Town01_Route90_Weather12,base,train
TJunction_Town01_Route91_Weather13,base,train
TJunction_Town02_Route97_Weather19,base,train
TJunction_Town05_Route259_Weather0,base,train
TJunction_Town05_Route260_Weather0,base,val
TJunction_Town05_Route261_Weather1,base,train
TJunction_Town06_Route304_Weather18,base,train
TJunction_Town06_Route305_Weather19,base,train
TJunction_Town06_Route306_Weather20,base,val
TJunction_Town07_Route363_Weather25,base,train
TJunction_Town07_Route364_Weather0,base,train
TJunction_Town07_Route365_Weather1,base,train
TJunction_Town12_Route1017_Weather3,base,train
TJunction_Town12_Route1018_Weather3,base,train
TJunction_Town12_Route1201_Weather5,base,train
TJunction_Town12_Route880_Weather22,base,train
TJunction_Town12_Route881_Weather23,base,train
TJunction_Town12_Route882_Weather23,base,train
TJunction_Town12_Route883_Weather25,base,train
TJunction_Town12_Route926_Weather8,base,train
TJunction_Town12_Route927_Weather9,base,train
TJunction_Town12_Route947_Weather11,base,train
TJunction_Town12_Route980_Weather18,base,train
TJunction_Town13_Route652_Weather2,base,train
TJunction_Town13_Route654_Weather3,base,train
TJunction_Town13_Route655_Weather5,base,train
TJunction_Town13_Route691_Weather15,base,train
TJunction_Town15_Route456_Weather14,base,train
TJunction_Town15_Route457_Weather15,base,train
TJunction_Town15_Route495_Weather1,base,train
TJunction_Town15_Route496_Weather2,base,train
TJunction_Town15_Route510_Weather8,base,train
VanillaNonSignalizedTurnEncounterStopsign_Town03_Route143_Weather13,base,train
VanillaNonSignalizedTurnEncounterStopsign_Town03_Route144_Weather14,base,train
VanillaNonSignalizedTurnEncounterStopsign_Town03_Route145_Weather15,base,train
VanillaNonSignalizedTurnEncounterStopsign_Town04_Route202_Weather20,base,train
VanillaNonSignalizedTurnEncounterStopsign_Town04_Route203_Weather21,base,train
VanillaNonSignalizedTurnEncounterStopsign_Town05_Route256_Weather22,base,train
VanillaNonSignalizedTurnEncounterStopsign_Town05_Route257_Weather23,base,train
VanillaNonSignalizedTurnEncounterStopsign_Town05_Route258_Weather25,base,train
VanillaNonSignalizedTurnEncounterStopsign_Town07_Route360_Weather22,base,train
VanillaNonSignalizedTurnEncounterStopsign_Town07_Route361_Weather23,base,train
VanillaNonSignalizedTurnEncounterStopsign_Town07_Route362_Weather23,base,train
VanillaNonSignalizedTurnEncounterStopsign_Town12_Route1015_Weather1,base,train
VanillaNonSignalizedTurnEncounterStopsign_Town12_Route1016_Weather2,base,train
VanillaNonSignalizedTurnEncounterStopsign_Town12_Route16551_Weather18,weak,train
VanillaNonSignalizedTurnEncounterStopsign_Town12_Route16552_Weather19,weak,train
VanillaNonSignalizedTurnEncounterStopsign_Town12_Route16553_Weather20,weak,train
VanillaNonSignalizedTurnEncounterStopsign_Town12_Route16556_Weather23,weak,train
VanillaNonSignalizedTurnEncounterStopsign_Town12_Route16562_Weather3,weak,train
VanillaNonSignalizedTurnEncounterStopsign_Town12_Route16563_Weather3,weak,train
VanillaNonSignalizedTurnEncounterStopsign_Town12_Route16564_Weather5,weak,train
VanillaNonSignalizedTurnEncounterStopsign_Town12_Route16565_Weather6,weak,train
VanillaNonSignalizedTurnEncounterStopsign_Town12_Route16566_Weather7,weak,train
VanillaNonSignalizedTurnEncounterStopsign_Town12_Route16567_Weather8,weak,train
VanillaNonSignalizedTurnEncounterStopsign_Town12_Route16568_Weather9,weak,train
VanillaNonSignalizedTurnEncounterStopsign_Town12_Route16569_Weather10,weak,train
VanillaNonSignalizedTurnEncounterStopsign_Town12_Route16570_Weather11,weak,train
VanillaNonSignalizedTurnEncounterStopsign_Town12_Route16572_Weather13,weak,train
VanillaNonSignalizedTurnEncounterStopsign_Town12_Route16573_Weather14,weak,train
VanillaNonSignalizedTurnEncounterStopsign_Town12_Route16574_Weather15,weak,train
VanillaNonSignalizedTurnEncounterStopsign_Town12_Route16575_Weather8,weak,train
VanillaNonSignalizedTurnEncounterStopsign_Town12_Route16576_Weather9,weak,train
VanillaNonSignalizedTurnEncounterStopsign_Town12_Route16577_Weather18,weak,train
VanillaNonSignalizedTurnEncounterStopsign_Town12_Route16580_Weather21,weak,train
VanillaNonSignalizedTurnEncounterStopsign_Town12_Route16581_Weather22,weak,train
VanillaNonSignalizedTurnEncounterStopsign_Town12_Route16582_Weather23,weak,train
VanillaNonSignalizedTurnEncounterStopsign_Town12_Route16583_Weather23,weak,train
VanillaNonSignalizedTurnEncounterStopsign_Town12_Route16585_Weather0,weak,train
VanillaNonSignalizedTurnEncounterStopsign_Town12_Route16586_Weather1,weak,train
VanillaNonSignalizedTurnEncounterStopsign_Town12_Route16588_Weather3,weak,train
VanillaNonSignalizedTurnEncounterStopsign_Town12_Route16590_Weather5,weak,train
VanillaNonSignalizedTurnEncounterStopsign_Town12_Route16591_Weather6,weak,train
VanillaNonSignalizedTurnEncounterStopsign_Town12_Route16592_Weather7,weak,train
VanillaNonSignalizedTurnEncounterStopsign_Town12_Route16593_Weather8,weak,train
VanillaNonSignalizedTurnEncounterStopsign_Town12_Route16594_Weather9,weak,train
VanillaNonSignalizedTurnEncounterStopsign_Town12_Route16595_Weather10,weak,train
VanillaNonSignalizedTurnEncounterStopsign_Town12_Route16596_Weather11,weak,train
VanillaNonSignalizedTurnEncounterStopsign_Town12_Route16597_Weather12,weak,train
VanillaNonSignalizedTurnEncounterStopsign_Town12_Route16599_Weather14,weak,train
VanillaNonSignalizedTurnEncounterStopsign_Town12_Route16600_Weather15,weak,train
VanillaNonSignalizedTurnEncounterStopsign_Town12_Route16604_Weather19,weak,train
VanillaNonSignalizedTurnEncounterStopsign_Town12_Route16605_Weather20,weak,train
VanillaNonSignalizedTurnEncounterStopsign_Town12_Route16606_Weather21,weak,train
VanillaNonSignalizedTurnEncounterStopsign_Town12_Route16608_Weather23,weak,train
VanillaNonSignalizedTurnEncounterStopsign_Town12_Route16610_Weather25,weak,train
VanillaNonSignalizedTurnEncounterStopsign_Town12_Route16611_Weather0,weak,train
VanillaNonSignalizedTurnEncounterStopsign_Town12_Route16616_Weather5,weak,train
VanillaNonSignalizedTurnEncounterStopsign_Town12_Route16617_Weather6,weak,train
VanillaNonSignalizedTurnEncounterStopsign_Town12_Route16623_Weather12,weak,train
VanillaNonSignalizedTurnEncounterStopsign_Town12_Route16625_Weather14,weak,train
VanillaNonSignalizedTurnEncounterStopsign_Town12_Route16630_Weather19,weak,train
VanillaNonSignalizedTurnEncounterStopsign_Town12_Route16631_Weather20,weak,train
VanillaNonSignalizedTurnEncounterStopsign_Town12_Route16632_Weather21,weak,train
VanillaNonSignalizedTurnEncounterStopsign_Town12_Route16633_Weather22,weak,train
VanillaNonSignalizedTurnEncounterStopsign_Town12_Route16636_Weather25,weak,train
VanillaNonSignalizedTurnEncounterStopsign_Town12_Route16637_Weather0,weak,train
VanillaNonSignalizedTurnEncounterStopsign_Town12_Route16638_Weather1,weak,train
VanillaNonSignalizedTurnEncounterStopsign_Town12_Route16639_Weather2,weak,train
VanillaNonSignalizedTurnEncounterStopsign_Town12_Route16642_Weather5,weak,train
VanillaNonSignalizedTurnEncounterStopsign_Town12_Route16643_Weather6,weak,train
VanillaNonSignalizedTurnEncounterStopsign_Town12_Route16644_Weather7,weak,train
VanillaNonSignalizedTurnEncounterStopsign_Town12_Route16648_Weather11,weak,val
VanillaNonSignalizedTurnEncounterStopsign_Town12_Route16649_Weather12,weak,train
VanillaNonSignalizedTurnEncounterStopsign_Town12_Route16650_Weather13,weak,train
VanillaNonSignalizedTurnEncounterStopsign_Town12_Route16651_Weather14,weak,train
VanillaNonSignalizedTurnEncounterStopsign_Town12_Route16655_Weather18,weak,train
VanillaNonSignalizedTurnEncounterStopsign_Town12_Route16657_Weather20,weak,train
VanillaNonSignalizedTurnEncounterStopsign_Town12_Route16658_Weather21,weak,train
VanillaNonSignalizedTurnEncounterStopsign_Town12_Route16659_Weather22,weak,train
VanillaNonSignalizedTurnEncounterStopsign_Town12_Route16662_Weather25,weak,train
VanillaNonSignalizedTurnEncounterStopsign_Town12_Route16663_Weather0,weak,train
VanillaNonSignalizedTurnEncounterStopsign_Town12_Route16664_Weather1,weak,train
VanillaNonSignalizedTurnEncounterStopsign_Town12_Route16665_Weather2,weak,train
VanillaNonSignalizedTurnEncounterStopsign_Town12_Route16670_Weather7,weak,train
VanillaNonSignalizedTurnEncounterStopsign_Town12_Route16673_Weather10,weak,train
VanillaNonSignalizedTurnEncounterStopsign_Town12_Route16676_Weather13,weak,train
VanillaNonSignalizedTurnEncounterStopsign_Town12_Route16681_Weather18,weak,train
VanillaNonSignalizedTurnEncounterStopsign_Town12_Route16682_Weather19,weak,train
VanillaNonSignalizedTurnEncounterStopsign_Town12_Route16683_Weather20,weak,train
VanillaNonSignalizedTurnEncounterStopsign_Town12_Route16684_Weather21,weak,train
VanillaNonSignalizedTurnEncounterStopsign_Town12_Route16685_Weather22,weak,train
VanillaNonSignalizedTurnEncounterStopsign_Town12_Route16688_Weather25,weak,train
VanillaNonSignalizedTurnEncounterStopsign_Town12_Route16690_Weather1,weak,train
VanillaNonSignalizedTurnEncounterStopsign_Town12_Route16691_Weather2,weak,train
VanillaNonSignalizedTurnEncounterStopsign_Town12_Route16701_Weather12,weak,train
VanillaNonSignalizedTurnEncounterStopsign_Town12_Route16704_Weather15,weak,train
VanillaNonSignalizedTurnEncounterStopsign_Town12_Route876_Weather18,base,train
VanillaNonSignalizedTurnEncounterStopsign_Town12_Route877_Weather19,base,train
VanillaNonSignalizedTurnEncounterStopsign_Town12_Route878_Weather20,base,train
VanillaNonSignalizedTurnEncounterStopsign_Town12_Route879_Weather21,base,train
VanillaNonSignalizedTurnEncounterStopsign_Town12_Route946_Weather10,base,train
VanillaNonSignalizedTurnEncounterStopsign_Town12_Route979_Weather9,base,val
VanillaNonSignalizedTurnEncounterStopsign_Town13_Route3903_Weather23,weak,train
VanillaNonSignalizedTurnEncounterStopsign_Town13_Route3904_Weather25,weak,train
VanillaNonSignalizedTurnEncounterStopsign_Town13_Route3905_Weather0,weak,train
VanillaNonSignalizedTurnEncounterStopsign_Town13_Route3906_Weather1,weak,train
VanillaNonSignalizedTurnEncounterStopsign_Town13_Route3907_Weather2,weak,val
VanillaNonSignalizedTurnEncounterStopsign_Town13_Route3908_Weather3,weak,train
VanillaNonSignalizedTurnEncounterStopsign_Town13_Route3909_Weather3,weak,val
VanillaNonSignalizedTurnEncounterStopsign_Town13_Route3910_Weather5,weak,train
VanillaNonSignalizedTurnEncounterStopsign_Town13_Route3911_Weather6,weak,train
VanillaNonSignalizedTurnEncounterStopsign_Town13_Route3913_Weather8,weak,val
VanillaNonSignalizedTurnEncounterStopsign_Town13_Route3914_Weather9,weak,train
VanillaNonSignalizedTurnEncounterStopsign_Town13_Route3915_Weather10,weak,val
VanillaNonSignalizedTurnEncounterStopsign_Town13_Route3916_Weather11,weak,train
VanillaNonSignalizedTurnEncounterStopsign_Town13_Route3918_Weather13,weak,train
VanillaNonSignalizedTurnEncounterStopsign_Town13_Route3919_Weather14,weak,train
VanillaNonSignalizedTurnEncounterStopsign_Town13_Route3920_Weather15,weak,train
VanillaNonSignalizedTurnEncounterStopsign_Town13_Route3921_Weather8,weak,train
VanillaNonSignalizedTurnEncounterStopsign_Town13_Route3922_Weather9,weak,train
VanillaNonSignalizedTurnEncounterStopsign_Town13_Route648_Weather23,base,train
VanillaNonSignalizedTurnEncounterStopsign_Town13_Route650_Weather0,base,train
VanillaNonSignalizedTurnEncounterStopsign_Town13_Route651_Weather1,base,train
VanillaNonSignalizedTurnEncounterStopsign_Town13_Route690_Weather14,base,train
VanillaNonSignalizedTurnEncounterStopsign_Town15_Route454_Weather12,base,train
VanillaNonSignalizedTurnEncounterStopsign_Town15_Route455_Weather13,base,train
VanillaNonSignalizedTurnEncounterStopsign_Town15_Route493_Weather25,base,train
VanillaNonSignalizedTurnEncounterStopsign_Town15_Route494_Weather0,base,train
VanillaNonSignalizedTurnEncounterStopsign_Town15_Route509_Weather15,base,train
VanillaNonSignalizedTurnEncounterStopsign_Town15_Route530_Weather10,base,train
VanillaNonSignalizedTurnEncounterStopsign_Town15_Route535_Weather15,base,train
VanillaSignalizedTurnEncounterGreenLight_Town03_Route137_Weather7,base,train
VanillaSignalizedTurnEncounterGreenLight_Town03_Route139_Weather9,base,train
VanillaSignalizedTurnEncounterGreenLight_Town04_Route196_Weather14,base,train
VanillaSignalizedTurnEncounterGreenLight_Town04_Route197_Weather15,base,train
VanillaSignalizedTurnEncounterGreenLight_Town04_Route198_Weather8,base,train
VanillaSignalizedTurnEncounterGreenLight_Town05_Route250_Weather8,base,train
VanillaSignalizedTurnEncounterGreenLight_Town05_Route251_Weather9,base,train
VanillaSignalizedTurnEncounterGreenLight_Town05_Route252_Weather21,base,train
VanillaSignalizedTurnEncounterGreenLight_Town07_Route354_Weather8,base,val
VanillaSignalizedTurnEncounterGreenLight_Town07_Route355_Weather9,base,train
VanillaSignalizedTurnEncounterGreenLight_Town07_Route356_Weather18,base,train
VanillaSignalizedTurnEncounterGreenLight_Town10HD_Route386_Weather22,base,train
VanillaSignalizedTurnEncounterGreenLight_Town10HD_Route387_Weather23,base,train
VanillaSignalizedTurnEncounterGreenLight_Town10HD_Route392_Weather2,base,train
VanillaSignalizedTurnEncounterGreenLight_Town12_Route868_Weather10,base,train
VanillaSignalizedTurnEncounterGreenLight_Town12_Route869_Weather11,base,train
VanillaSignalizedTurnEncounterGreenLight_Town12_Route870_Weather12,base,train
VanillaSignalizedTurnEncounterGreenLight_Town12_Route871_Weather13,base,train
VanillaSignalizedTurnEncounterGreenLight_Town12_Route944_Weather8,base,train
VanillaSignalizedTurnEncounterGreenLight_Town13_Route640_Weather8,base,train
VanillaSignalizedTurnEncounterGreenLight_Town13_Route641_Weather9,base,train
VanillaSignalizedTurnEncounterGreenLight_Town13_Route642_Weather18,base,train
VanillaSignalizedTurnEncounterGreenLight_Town13_Route643_Weather19,base,train
VanillaSignalizedTurnEncounterGreenLight_Town15_Route451_Weather9,base,train
VanillaSignalizedTurnEncounterGreenLight_Town15_Route489_Weather21,base,train
VanillaSignalizedTurnEncounterGreenLight_Town15_Route490_Weather22,base,train
VanillaSignalizedTurnEncounterGreenLight_Town15_Route507_Weather13,base,train
VanillaSignalizedTurnEncounterRedLight_Town03_Route140_Weather10,base,train
VanillaSignalizedTurnEncounterRedLight_Town03_Route141_Weather11,base,train
VanillaSignalizedTurnEncounterRedLight_Town03_Route142_Weather12,base,train
VanillaSignalizedTurnEncounterRedLight_Town04_Route199_Weather9,base,train
VanillaSignalizedTurnEncounterRedLight_Town04_Route200_Weather18,base,train
VanillaSignalizedTurnEncounterRedLight_Town04_Route201_Weather19,base,train
VanillaSignalizedTurnEncounterRedLight_Town05_Route253_Weather19,base,train
VanillaSignalizedTurnEncounterRedLight_Town05_Route254_Weather20,base,train
VanillaSignalizedTurnEncounterRedLight_Town05_Route255_Weather21,base,train
VanillaSignalizedTurnEncounterRedLight_Town07_Route357_Weather19,base,train
VanillaSignalizedTurnEncounterRedLight_Town07_Route358_Weather20,base,train
VanillaSignalizedTurnEncounterRedLight_Town07_Route359_Weather21,base,val
VanillaSignalizedTurnEncounterRedLight_Town10HD_Route24840_Weather26,weak,val
VanillaSignalizedTurnEncounterRedLight_Town10HD_Route388_Weather23,base,train
VanillaSignalizedTurnEncounterRedLight_Town10HD_Route389_Weather25,base,train
VanillaSignalizedTurnEncounterRedLight_Town10HD_Route393_Weather3,base,train
VanillaSignalizedTurnEncounterRedLight_Town12_Route1054_Weather14,base,train
VanillaSignalizedTurnEncounterRedLight_Town12_Route15458_Weather9,weak,train
VanillaSignalizedTurnEncounterRedLight_Town12_Route15459_Weather18,weak,train
VanillaSignalizedTurnEncounterRedLight_Town12_Route15460_Weather19,weak,train
VanillaSignalizedTurnEncounterRedLight_Town12_Route15461_Weather20,weak,train
VanillaSignalizedTurnEncounterRedLight_Town12_Route15462_Weather21,weak,train
VanillaSignalizedTurnEncounterRedLight_Town12_Route15463_Weather22,weak,train
VanillaSignalizedTurnEncounterRedLight_Town12_Route15464_Weather23,weak,train
VanillaSignalizedTurnEncounterRedLight_Town12_Route15465_Weather23,weak,train
VanillaSignalizedTurnEncounterRedLight_Town12_Route15466_Weather25,weak,val
VanillaSignalizedTurnEncounterRedLight_Town12_Route15467_Weather0,weak,train
VanillaSignalizedTurnEncounterRedLight_Town12_Route15468_Weather1,weak,train
VanillaSignalizedTurnEncounterRedLight_Town12_Route15469_Weather2,weak,train
VanillaSignalizedTurnEncounterRedLight_Town12_Route15470_Weather3,weak,train
VanillaSignalizedTurnEncounterRedLight_Town12_Route15472_Weather5,weak,train
VanillaSignalizedTurnEncounterRedLight_Town12_Route15473_Weather6,weak,train
VanillaSignalizedTurnEncounterRedLight_Town12_Route15474_Weather7,weak,train
VanillaSignalizedTurnEncounterRedLight_Town12_Route15475_Weather8,weak,train
VanillaSignalizedTurnEncounterRedLight_Town12_Route15477_Weather10,weak,train
VanillaSignalizedTurnEncounterRedLight_Town12_Route15478_Weather11,weak,train
VanillaSignalizedTurnEncounterRedLight_Town12_Route15479_Weather12,weak,train
VanillaSignalizedTurnEncounterRedLight_Town12_Route15481_Weather14,weak,train
VanillaSignalizedTurnEncounterRedLight_Town12_Route15482_Weather15,weak,train
VanillaSignalizedTurnEncounterRedLight_Town12_Route15483_Weather8,weak,train
VanillaSignalizedTurnEncounterRedLight_Town12_Route15484_Weather9,weak,train
VanillaSignalizedTurnEncounterRedLight_Town12_Route15485_Weather18,weak,train
VanillaSignalizedTurnEncounterRedLight_Town12_Route15486_Weather19,weak,train
VanillaSignalizedTurnEncounterRedLight_Town12_Route15487_Weather20,weak,train
VanillaSignalizedTurnEncounterRedLight_Town12_Route15488_Weather21,weak,train
VanillaSignalizedTurnEncounterRedLight_Town12_Route15489_Weather22,weak,train
VanillaSignalizedTurnEncounterRedLight_Town12_Route15490_Weather23,weak,train
VanillaSignalizedTurnEncounterRedLight_Town12_Route15493_Weather0,weak,train
VanillaSignalizedTurnEncounterRedLight_Town12_Route15494_Weather1,weak,train
VanillaSignalizedTurnEncounterRedLight_Town12_Route15495_Weather2,weak,train
VanillaSignalizedTurnEncounterRedLight_Town12_Route15496_Weather3,weak,train
VanillaSignalizedTurnEncounterRedLight_Town12_Route15497_Weather3,weak,train
VanillaSignalizedTurnEncounterRedLight_Town12_Route15498_Weather5,weak,train
VanillaSignalizedTurnEncounterRedLight_Town12_Route15500_Weather7,weak,train
VanillaSignalizedTurnEncounterRedLight_Town12_Route15501_Weather8,weak,train
VanillaSignalizedTurnEncounterRedLight_Town12_Route15502_Weather9,weak,train
VanillaSignalizedTurnEncounterRedLight_Town12_Route15503_Weather10,weak,train
VanillaSignalizedTurnEncounterRedLight_Town12_Route15504_Weather11,weak,train
VanillaSignalizedTurnEncounterRedLight_Town12_Route15505_Weather12,weak,train
VanillaSignalizedTurnEncounterRedLight_Town12_Route15506_Weather13,weak,train
VanillaSignalizedTurnEncounterRedLight_Town12_Route15507_Weather14,weak,train
VanillaSignalizedTurnEncounterRedLight_Town12_Route15508_Weather15,weak,train
VanillaSignalizedTurnEncounterRedLight_Town12_Route15509_Weather8,weak,train
VanillaSignalizedTurnEncounterRedLight_Town12_Route15510_Weather9,weak,train
VanillaSignalizedTurnEncounterRedLight_Town12_Route15511_Weather18,weak,train
VanillaSignalizedTurnEncounterRedLight_Town12_Route15512_Weather19,weak,train
VanillaSignalizedTurnEncounterRedLight_Town12_Route15513_Weather20,weak,train
VanillaSignalizedTurnEncounterRedLight_Town12_Route15514_Weather21,weak,train
VanillaSignalizedTurnEncounterRedLight_Town12_Route15515_Weather22,weak,train
VanillaSignalizedTurnEncounterRedLight_Town12_Route15518_Weather25,weak,train
VanillaSignalizedTurnEncounterRedLight_Town12_Route15519_Weather0,weak,train
VanillaSignalizedTurnEncounterRedLight_Town12_Route15520_Weather1,weak,train
VanillaSignalizedTurnEncounterRedLight_Town12_Route15521_Weather2,weak,train
VanillaSignalizedTurnEncounterRedLight_Town12_Route15523_Weather3,weak,train
VanillaSignalizedTurnEncounterRedLight_Town12_Route15524_Weather5,weak,train
VanillaSignalizedTurnEncounterRedLight_Town12_Route15525_Weather6,weak,train
VanillaSignalizedTurnEncounterRedLight_Town12_Route15526_Weather7,weak,train
VanillaSignalizedTurnEncounterRedLight_Town12_Route15527_Weather8,weak,train
VanillaSignalizedTurnEncounterRedLight_Town12_Route15529_Weather10,weak,train
VanillaSignalizedTurnEncounterRedLight_Town12_Route15530_Weather11,weak,train
VanillaSignalizedTurnEncounterRedLight_Town12_Route15531_Weather12,weak,train
VanillaSignalizedTurnEncounterRedLight_Town12_Route15532_Weather13,weak,train
VanillaSignalizedTurnEncounterRedLight_Town12_Route15533_Weather14,weak,train
VanillaSignalizedTurnEncounterRedLight_Town12_Route15534_Weather15,weak,train
VanillaSignalizedTurnEncounterRedLight_Town12_Route15537_Weather18,weak,train
VanillaSignalizedTurnEncounterRedLight_Town12_Route15539_Weather20,weak,train
VanillaSignalizedTurnEncounterRedLight_Town12_Route15540_Weather21,weak,train
VanillaSignalizedTurnEncounterRedLight_Town12_Route15541_Weather22,weak,train
VanillaSignalizedTurnEncounterRedLight_Town12_Route15544_Weather25,weak,train
VanillaSignalizedTurnEncounterRedLight_Town12_Route15545_Weather0,weak,train
VanillaSignalizedTurnEncounterRedLight_Town12_Route15547_Weather2,weak,train
VanillaSignalizedTurnEncounterRedLight_Town12_Route15550_Weather5,weak,train
VanillaSignalizedTurnEncounterRedLight_Town12_Route15551_Weather6,weak,train
VanillaSignalizedTurnEncounterRedLight_Town12_Route15552_Weather7,weak,train
VanillaSignalizedTurnEncounterRedLight_Town12_Route15555_Weather10,weak,train
VanillaSignalizedTurnEncounterRedLight_Town12_Route15558_Weather13,weak,train
VanillaSignalizedTurnEncounterRedLight_Town12_Route15559_Weather14,weak,train
VanillaSignalizedTurnEncounterRedLight_Town12_Route15560_Weather15,weak,train
VanillaSignalizedTurnEncounterRedLight_Town12_Route15564_Weather19,weak,train
VanillaSignalizedTurnEncounterRedLight_Town12_Route15567_Weather22,weak,train
VanillaSignalizedTurnEncounterRedLight_Town12_Route15577_Weather6,weak,train
VanillaSignalizedTurnEncounterRedLight_Town12_Route15582_Weather11,weak,train
VanillaSignalizedTurnEncounterRedLight_Town12_Route872_Weather14,base,train
VanillaSignalizedTurnEncounterRedLight_Town12_Route874_Weather8,base,train
VanillaSignalizedTurnEncounterRedLight_Town12_Route875_Weather9,base,train
VanillaSignalizedTurnEncounterRedLight_Town12_Route945_Weather9,base,train
VanillaSignalizedTurnEncounterRedLight_Town12_Route969_Weather7,base,train
VanillaSignalizedTurnEncounterRedLight_Town13_Route3865_Weather12,weak,train
VanillaSignalizedTurnEncounterRedLight_Town13_Route3866_Weather13,weak,val
VanillaSignalizedTurnEncounterRedLight_Town13_Route3870_Weather9,weak,train
VanillaSignalizedTurnEncounterRedLight_Town13_Route3871_Weather18,weak,train
VanillaSignalizedTurnEncounterRedLight_Town13_Route3872_Weather19,weak,train
VanillaSignalizedTurnEncounterRedLight_Town13_Route3873_Weather20,weak,train
VanillaSignalizedTurnEncounterRedLight_Town13_Route3874_Weather21,weak,val
VanillaSignalizedTurnEncounterRedLight_Town13_Route3876_Weather23,weak,train
VanillaSignalizedTurnEncounterRedLight_Town13_Route3877_Weather23,weak,train
VanillaSignalizedTurnEncounterRedLight_Town13_Route3878_Weather25,weak,train
VanillaSignalizedTurnEncounterRedLight_Town13_Route3879_Weather0,weak,train
VanillaSignalizedTurnEncounterRedLight_Town13_Route3880_Weather1,weak,val
VanillaSignalizedTurnEncounterRedLight_Town13_Route3881_Weather2,weak,train
VanillaSignalizedTurnEncounterRedLight_Town13_Route3882_Weather3,weak,train
VanillaSignalizedTurnEncounterRedLight_Town13_Route603_Weather15,base,train
VanillaSignalizedTurnEncounterRedLight_Town13_Route644_Weather20,base,train
VanillaSignalizedTurnEncounterRedLight_Town13_Route645_Weather21,base,train
VanillaSignalizedTurnEncounterRedLight_Town13_Route646_Weather22,base,train
VanillaSignalizedTurnEncounterRedLight_Town13_Route647_Weather23,base,train
VanillaSignalizedTurnEncounterRedLight_Town13_Route689_Weather13,base,train
VanillaSignalizedTurnEncounterRedLight_Town15_Route452_Weather10,base,train
VanillaSignalizedTurnEncounterRedLight_Town15_Route491_Weather23,base,val
VanillaSignalizedTurnEncounterRedLight_Town15_Route492_Weather23,base,train
VehicleOpensDoorTwoWays_Town12_Route1196_Weather0,base,train
VehicleOpensDoorTwoWays_Town12_Route1197_Weather1,base,train
VehicleOpensDoorTwoWays_Town12_Route1203_Weather7,base,val
VehicleTurningRoutePedestrian_Town12_Route1027_Weather13,base,train
VehicleTurningRoutePedestrian_Town12_Route1040_Weather0,base,train
VehicleTurningRoutePedestrian_Town12_Route826_Weather20,base,train
VehicleTurningRoutePedestrian_Town12_Route827_Weather22,base,train
VehicleTurningRoutePedestrian_Town12_Route829_Weather25,base,train
VehicleTurningRoutePedestrian_Town12_Route970_Weather8,base,train
VehicleTurningRoutePedestrian_Town12_Route999_Weather11,base,train
VehicleTurningRoutePedestrian_Town13_Route607_Weather19,base,train
VehicleTurningRoutePedestrian_Town13_Route609_Weather21,base,train
VehicleTurningRoutePedestrian_Town13_Route610_Weather12,base,train
VehicleTurningRoutePedestrian_Town13_Route680_Weather10,base,train
VehicleTurningRoutePedestrian_Town13_Route702_Weather14,base,train
VehicleTurningRoutePedestrian_Town13_Route703_Weather1,base,train
VehicleTurningRoutePedestrian_Town15_Route1387_Weather1,base,train
VehicleTurningRoutePedestrian_Town15_Route481_Weather19,base,val
VehicleTurningRoutePedestrian_Town15_Route482_Weather20,base,train
VehicleTurningRoutePedestrian_Town15_Route523_Weather2,base,train
VehicleTurningRoute_Town12_Route1026_Weather12,base,train
VehicleTurningRoute_Town12_Route822_Weather18,base,train
VehicleTurningRoute_Town12_Route824_Weather20,base,train
VehicleTurningRoute_Town12_Route825_Weather21,base,train
VehicleTurningRoute_Town12_Route933_Weather23,base,train
VehicleTurningRoute_Town12_Route997_Weather9,base,train
VehicleTurningRoute_Town13_Route605_Weather9,base,train
VehicleTurningRoute_Town13_Route606_Weather18,base,train
VehicleTurningRoute_Town13_Route679_Weather3,base,train
VehicleTurningRoute_Town13_Route698_Weather22,base,train
VehicleTurningRoute_Town13_Route699_Weather23,base,train
VehicleTurningRoute_Town13_Route700_Weather23,base,train
VehicleTurningRoute_Town15_Route1367_Weather3,base,train
VehicleTurningRoute_Town15_Route1368_Weather5,base,train
VehicleTurningRoute_Town15_Route1369_Weather6,base,train
VehicleTurningRoute_Town15_Route1370_Weather7,base,train
VehicleTurningRoute_Town15_Route1374_Weather13,base,train
VehicleTurningRoute_Town15_Route1376_Weather15,base,train
VehicleTurningRoute_Town15_Route1377_Weather8,base,train
VehicleTurningRoute_Town15_Route1378_Weather9,base,train
VehicleTurningRoute_Town15_Route1379_Weather18,base,train
VehicleTurningRoute_Town15_Route1380_Weather19,base,train
VehicleTurningRoute_Town15_Route443_Weather1,base,train
VehicleTurningRoute_Town15_Route479_Weather11,base,train
VehicleTurningRoute_Town15_Route480_Weather18,base,train
VehicleTurningRoute_Town15_Route504_Weather10,base,val
VehicleTurningRoute_Town15_Route519_Weather25,base,train
YieldToEmergencyVehicle_Town03_Route148_Weather18,base,train
YieldToEmergencyVehicle_Town03_Route25378_Weather9,weak,train
YieldToEmergencyVehicle_Town03_Route25427_Weather12,weak,val
YieldToEmergencyVehicle_Town04_Route165_Weather7,base,train
YieldToEmergencyVehicle_Town04_Route166_Weather10,base,val
YieldToEmergencyVehicle_Town12_Route1809_Weather9,weak,train
YieldToEmergencyVehicle_Town12_Route20598_Weather5,weak,train
YieldToEmergencyVehicle_Town12_Route20604_Weather11,weak,train
YieldToEmergencyVehicle_Town12_Route20606_Weather13,weak,train
YieldToEmergencyVehicle_Town12_Route20614_Weather21,weak,train
YieldToEmergencyVehicle_Town12_Route20623_Weather3,weak,train
YieldToEmergencyVehicle_Town12_Route20625_Weather6,weak,train
YieldToEmergencyVehicle_Town12_Route20626_Weather7,weak,train
YieldToEmergencyVehicle_Town12_Route20629_Weather10,weak,train
YieldToEmergencyVehicle_Town12_Route20639_Weather20,weak,train
YieldToEmergencyVehicle_Town12_Route20641_Weather22,weak,train
YieldToEmergencyVehicle_Town12_Route20646_Weather1,weak,train
YieldToEmergencyVehicle_Town12_Route20647_Weather2,weak,train
YieldToEmergencyVehicle_Town12_Route20648_Weather3,weak,train
YieldToEmergencyVehicle_Town12_Route20652_Weather7,weak,train
YieldToEmergencyVehicle_Town12_Route20654_Weather9,weak,train
YieldToEmergencyVehicle_Town12_Route20662_Weather9,weak,train
YieldToEmergencyVehicle_Town12_Route20663_Weather18,weak,train
YieldToEmergencyVehicle_Town12_Route20666_Weather21,weak,train
YieldToEmergencyVehicle_Town12_Route20667_Weather22,weak,train
YieldToEmergencyVehicle_Town12_Route20668_Weather23,weak,train
YieldToEmergencyVehicle_Town12_Route20672_Weather1,weak,train
YieldToEmergencyVehicle_Town12_Route20679_Weather8,weak,train
YieldToEmergencyVehicle_Town12_Route20681_Weather10,weak,train
YieldToEmergencyVehicle_Town12_Route20682_Weather11,weak,train
YieldToEmergencyVehicle_Town12_Route20687_Weather8,weak,train
YieldToEmergencyVehicle_Town12_Route20691_Weather20,weak,train
YieldToEmergencyVehicle_Town12_Route20694_Weather23,weak,train
YieldToEmergencyVehicle_Town12_Route20698_Weather1,weak,train
YieldToEmergencyVehicle_Town12_Route20701_Weather3,weak,train
YieldToEmergencyVehicle_Town12_Route20703_Weather6,weak,train
YieldToEmergencyVehicle_Town12_Route20705_Weather8,weak,train
YieldToEmergencyVehicle_Town12_Route20708_Weather11,weak,train
YieldToEmergencyVehicle_Town12_Route20718_Weather21,weak,train
YieldToEmergencyVehicle_Town12_Route20720_Weather23,weak,train
YieldToEmergencyVehicle_Town12_Route20726_Weather3,weak,train
YieldToEmergencyVehicle_Town12_Route20727_Weather3,weak,train
YieldToEmergencyVehicle_Town12_Route20729_Weather6,weak,train
YieldToEmergencyVehicle_Town12_Route20733_Weather10,weak,train
YieldToEmergencyVehicle_Town12_Route20734_Weather11,weak,train
YieldToEmergencyVehicle_Town12_Route20740_Weather9,weak,train
YieldToEmergencyVehicle_Town12_Route20745_Weather22,weak,train
YieldToEmergencyVehicle_Town12_Route20750_Weather1,weak,train
YieldToEmergencyVehicle_Town12_Route20751_Weather2,weak,train
YieldToEmergencyVehicle_Town12_Route20755_Weather6,weak,train
YieldToEmergencyVehicle_Town12_Route20762_Weather13,weak,train
YieldToEmergencyVehicle_Town12_Route20768_Weather19,weak,train
YieldToEmergencyVehicle_Town12_Route20769_Weather20,weak,train
YieldToEmergencyVehicle_Town12_Route20773_Weather23,weak,train
YieldToEmergencyVehicle_Town12_Route20774_Weather25,weak,train
YieldToEmergencyVehicle_Town12_Route20775_Weather0,weak,val
YieldToEmergencyVehicle_Town12_Route20777_Weather2,weak,train
YieldToEmergencyVehicle_Town12_Route20778_Weather3,weak,train
YieldToEmergencyVehicle_Town12_Route20785_Weather10,weak,train
YieldToEmergencyVehicle_Town12_Route20791_Weather8,weak,train
YieldToEmergencyVehicle_Town12_Route20796_Weather21,weak,train
YieldToEmergencyVehicle_Town12_Route20802_Weather1,weak,train
YieldToEmergencyVehicle_Town12_Route20806_Weather5,weak,train
YieldToEmergencyVehicle_Town12_Route20811_Weather10,weak,train
YieldToEmergencyVehicle_Town12_Route20815_Weather14,weak,train
YieldToEmergencyVehicle_Town12_Route20826_Weather25,weak,train
YieldToEmergencyVehicle_Town12_Route20828_Weather1,weak,train
YieldToEmergencyVehicle_Town12_Route20830_Weather3,weak,train
YieldToEmergencyVehicle_Town12_Route20832_Weather5,weak,train
YieldToEmergencyVehicle_Town12_Route20836_Weather9,weak,train
YieldToEmergencyVehicle_Town12_Route20840_Weather13,weak,train
YieldToEmergencyVehicle_Town12_Route20843_Weather8,weak,train
YieldToEmergencyVehicle_Town12_Route20855_Weather2,weak,train
YieldToEmergencyVehicle_Town12_Route20860_Weather7,weak,train
YieldToEmergencyVehicle_Town12_Route20862_Weather9,weak,train
YieldToEmergencyVehicle_Town12_Route20865_Weather12,weak,train
YieldToEmergencyVehicle_Town12_Route20866_Weather13,weak,train
YieldToEmergencyVehicle_Town12_Route20867_Weather14,weak,train
YieldToEmergencyVehicle_Town12_Route2587_Weather7,weak,train
YieldToEmergencyVehicle_Town12_Route2599_Weather19,weak,train
YieldToEmergencyVehicle_Town12_Route778_Weather14,base,train
YieldToEmergencyVehicle_Town12_Route779_Weather25,base,train
YieldToEmergencyVehicle_Town12_Route781_Weather8,base,train
YieldToEmergencyVehicle_Town12_Route917_Weather7,base,train
YieldToEmergencyVehicle_Town12_Route918_Weather8,base,train
YieldToEmergencyVehicle_Town12_Route919_Weather11,base,train
YieldToEmergencyVehicle_Town13_Route3366_Weather7,weak,val
YieldToEmergencyVehicle_Town13_Route3368_Weather9,weak,val
YieldToEmergencyVehicle_Town13_Route560_Weather14,base,train
YieldToEmergencyVehicle_Town13_Route561_Weather14,base,train
YieldToEmergencyVehicle_Town13_Route562_Weather15,base,train
YieldToEmergencyVehicle_Town13_Route673_Weather23,base,train
YieldToEmergencyVehicle_Town13_Route675_Weather25,base,train
YieldToEmergencyVehicle_Town15_Route423_Weather7,base,train
YieldToEmergencyVehicle_Town15_Route424_Weather8,base,train
YieldToEmergencyVehicle_Town15_Route425_Weather9,base,train
