clip,component,entries,reassigned,reassigned_pct,already_ok,no_consensus,target_absent,ego_entries,ego_unverified,ok_before,ok_after,ok_before_pct,ok_after_pct,bbox_changed_frames,affects_ego_changed_entries
AccidentTwoWays_Town12_Route1104_Weather12,base,1060,1060,100.0,0,0,0,0,0,0,1060,0.0,100.0,265,0
AccidentTwoWays_Town12_Route1456_Weather15,base,1048,1048,100.0,0,0,0,0,0,0,1048,0.0,100.0,262,0
AccidentTwoWays_Town12_Route1469_Weather3,base,1064,1064,100.0,0,0,0,0,0,0,1064,0.0,100.0,266,0
ConstructionObstacleTwoWays_Town12_Route1097_Weather5,base,1084,1084,100.0,0,0,0,0,0,0,1084,0.0,100.0,271,0
OppositeVehicleRunningRedLight_Town12_Route809_Weather3,base,632,632,100.0,0,0,0,43,0,0,632,0.0,100.0,158,0
OppositeVehicleRunningRedLight_Town12_Route990_Weather2,base,588,588,100.0,0,0,0,46,0,0,588,0.0,100.0,147,0
ParkingCrossingPedestrian_Town12_Route761_Weather7,base,174,174,100.0,0,0,0,0,0,58,174,33.3,100.0,58,0
ParkingCutIn_Town12_Route1304_Weather9,base,165,165,100.0,0,0,0,0,0,55,165,33.3,100.0,55,0
ParkingCutIn_Town12_Route1314_Weather5,base,165,165,100.0,0,0,0,0,0,55,165,33.3,100.0,55,0
ParkingCutIn_Town12_Route765_Weather11,base,162,162,100.0,0,0,0,0,0,54,162,33.3,100.0,54,0
ParkingExit_Town12_Route787_Weather7,base,168,168,100.0,0,0,0,0,0,56,168,33.3,100.0,56,0
ParkingExit_Town12_Route923_Weather13,base,168,168,100.0,0,0,0,0,0,56,168,33.3,100.0,56,0
PedestrianCrossing_Town13_Route747_Weather19,base,2048,2048,100.0,0,0,0,451,0,0,2048,0.0,100.0,512,0
SignalizedJunctionLeftTurnEnterFlow_Town13_Route720_Weather19,base,692,692,100.0,0,0,0,89,0,0,692,0.0,100.0,173,0
VanillaSignalizedTurnEncounterGreenLight_Town13_Route641_Weather9,base,1476,1476,100.0,0,0,0,308,0,0,1476,0.0,100.0,369,0
VanillaSignalizedTurnEncounterRedLight_Town12_Route15463_Weather22,weak,588,588,100.0,0,0,0,47,0,0,588,0.0,100.0,147,0
VanillaSignalizedTurnEncounterRedLight_Town12_Route15464_Weather23,weak,1116,1116,100.0,0,0,0,158,0,0,1116,0.0,100.0,279,0
VanillaSignalizedTurnEncounterRedLight_Town12_Route15567_Weather22,weak,2375,2374,100.0,1,0,0,325,0,1,2375,0.0,100.0,417,0
VanillaSignalizedTurnEncounterRedLight_Town13_Route3871_Weather18,weak,1720,1720,100.0,0,0,0,355,0,0,1720,0.0,100.0,430,0
VanillaSignalizedTurnEncounterRedLight_Town13_Route3880_Weather1,weak,2292,2292,100.0,0,0,0,505,0,0,2292,0.0,100.0,573,0
VehicleTurningRoute_Town12_Route824_Weather20,base,756,756,100.0,0,0,0,53,0,0,756,0.0,100.0,189,0
VehicleTurningRoute_Town13_Route605_Weather9,base,1516,1516,100.0,0,0,0,154,0,0,1516,0.0,100.0,379,0
VehicleTurningRoute_Town13_Route606_Weather18,base,1548,1548,100.0,0,0,0,123,0,0,1548,0.0,100.0,387,0
HardBreakRoute_Town12_Route53_Weather1,base,971,970,99.9,0,0,1,0,0,0,970,0.0,99.9,243,0
AccidentTwoWays_Town12_Route1112_Weather20,base,1067,1065,99.8,1,0,1,0,0,1,1066,0.1,99.9,267,0
DynamicObjectCrossing_Town13_Route25_Weather25,base,567,566,99.8,0,0,1,0,0,0,566,0.0,99.8,142,0
VanillaSignalizedTurnEncounterRedLight_Town12_Route15527_Weather8,weak,1732,1728,99.8,0,0,4,317,0,0,1728,0.0,99.8,432,0
ParkingCrossingPedestrian_Town12_Route899_Weather15,base,547,545,99.6,1,0,1,0,0,1,546,0.2,99.8,137,0
ParkingCutIn_Town12_Route1302_Weather15,base,535,533,99.6,1,0,1,0,0,1,534,0.2,99.8,134,0
ParkingExit_Town12_Route920_Weather10,base,475,473,99.6,1,0,1,0,0,1,474,0.2,99.8,119,0
VanillaSignalizedTurnEncounterRedLight_Town12_Route15484_Weather9,weak,1805,1792,99.3,0,0,13,362,0,0,1792,0.0,99.3,425,0
ParkingCutIn_Town12_Route1312_Weather2,base,522,518,99.2,2,0,2,0,0,2,520,0.4,99.6,131,0
VanillaSignalizedTurnEncounterRedLight_Town12_Route15539_Weather20,weak,1803,1770,98.2,16,16,1,319,0,32,1802,1.8,99.9,422,0
VehicleTurningRoutePedestrian_Town12_Route826_Weather20,base,1007,984,97.7,11,0,12,152,0,11,995,1.1,98.8,214,0
ParkedObstacleTwoWays_Town12_Route1164_Weather20,base,1231,1202,97.6,0,26,3,0,0,0,1202,0.0,97.6,302,0
VanillaSignalizedTurnEncounterRedLight_Town12_Route15483_Weather8,weak,1869,1822,97.5,23,23,1,338,0,46,1868,2.5,99.9,431,0
VanillaSignalizedTurnEncounterRedLight_Town12_Route15564_Weather19,weak,961,930,96.8,30,0,1,110,0,30,960,3.1,99.9,213,0
ConstructionObstacleTwoWays_Town12_Route1089_Weather23,base,1295,1238,95.6,57,0,0,0,0,57,1295,4.4,100.0,323,0
AccidentTwoWays_Town12_Route1120_Weather2,base,1179,1122,95.2,56,0,1,0,0,56,1178,4.7,99.9,295,0
ConstructionObstacleTwoWays_Town12_Route1413_Weather26,base,1195,1138,95.2,56,0,1,0,0,56,1194,4.7,99.9,299,0
VanillaSignalizedTurnEncounterRedLight_Town12_Route15459_Weather18,weak,1768,1680,95.0,0,88,0,350,0,13,1680,0.7,95.0,420,0
VanillaSignalizedTurnEncounterRedLight_Town12_Route15582_Weather11,weak,1205,1132,93.9,0,73,0,211,0,0,1132,0.0,93.9,283,0
VehicleTurningRoutePedestrian_Town12_Route829_Weather25,base,2187,2044,93.5,92,50,1,79,0,142,2186,6.5,100.0,511,0
VanillaNonSignalizedTurnEncounterStopsign_Town12_Route878_Weather20,base,873,804,92.1,0,22,47,0,0,0,804,0.0,92.1,126,0
ParkingExit_Town12_Route789_Weather9,base,616,562,91.2,54,0,0,0,0,54,616,8.8,100.0,154,0
PedestrianCrossing_Town12_Route864_Weather6,base,5748,5208,90.6,122,418,0,46,0,154,5330,2.7,92.7,651,0
VanillaSignalizedTurnEncounterRedLight_Town12_Route15510_Weather9,weak,1338,1212,90.6,0,126,0,207,0,13,1212,1.0,90.6,303,0
VanillaSignalizedTurnEncounterRedLight_Town12_Route15507_Weather14,weak,1223,1104,90.3,119,0,0,159,0,119,1223,9.7,100.0,276,0
VanillaSignalizedTurnEncounterRedLight_Town12_Route15511_Weather18,weak,726,632,87.1,0,94,0,28,0,0,632,0.0,87.1,158,0
VehicleTurningRoute_Town12_Route822_Weather18,base,3100,2684,86.6,0,0,416,446,0,0,2684,0.0,86.6,536,0
VanillaSignalizedTurnEncounterRedLight_Town12_Route15506_Weather13,weak,658,564,85.7,0,94,0,77,0,12,564,1.8,85.7,141,0
VanillaSignalizedTurnEncounterRedLight_Town12_Route15465_Weather23,weak,1620,1384,85.4,0,0,236,222,0,0,1384,0.0,85.4,287,0
VanillaSignalizedTurnEncounterRedLight_Town12_Route15475_Weather8,weak,2075,1768,85.2,0,307,0,308,0,0,1768,0.0,85.2,442,0
VehicleTurningRoute_Town12_Route1026_Weather12,base,1184,984,83.1,0,200,0,156,0,14,984,1.2,83.1,246,0
VanillaSignalizedTurnEncounterRedLight_Town12_Route15509_Weather8,weak,646,532,82.4,97,17,0,50,0,114,646,17.6,100.0,133,0
VanillaSignalizedTurnEncounterRedLight_Town12_Route15508_Weather15,weak,713,580,81.3,133,0,0,27,0,133,713,18.7,100.0,145,0
SignalizedJunctionLeftTurnEnterFlow_Town12_Route885_Weather14,base,723,580,80.2,0,143,0,78,0,13,580,1.8,80.2,145,0
HazardAtSideLaneTwoWays_Town12_Route1156_Weather12,base,648,516,79.6,132,0,0,0,0,132,648,20.4,100.0,129,0
SignalizedJunctionLeftTurnEnterFlow_Town12_Route1019_Weather5,base,814,632,77.6,0,182,0,85,0,104,658,12.8,80.8,158,0
TJunction_Town12_Route881_Weather23,base,1626,1241,76.3,255,130,0,163,0,572,1532,35.2,94.2,281,0
PedestrianCrossing_Town12_Route1014_Weather0,base,964,729,75.6,223,0,12,149,0,223,952,23.1,98.8,211,0
PedestrianCrossing_Town12_Route1033_Weather20,base,1030,777,75.4,0,241,12,43,0,35,812,3.4,78.8,166,0
OppositeVehicleRunningRedLight_Town12_Route807_Weather1,base,701,528,75.3,0,173,0,45,0,53,581,7.6,82.9,132,0
AccidentTwoWays_Town12_Route1113_Weather21,base,1056,792,75.0,264,0,0,0,0,264,1056,25.0,100.0,264,0
AccidentTwoWays_Town12_Route1444_Weather0,base,1052,789,75.0,263,0,0,0,0,263,1052,25.0,100.0,263,0
AccidentTwoWays_Town12_Route1459_Weather18,base,1064,798,75.0,266,0,0,0,0,266,1064,25.0,100.0,266,0
ConstructionObstacleTwoWays_Town12_Route1093_Weather1,base,1092,819,75.0,273,0,0,0,0,273,1092,25.0,100.0,273,0
ConstructionObstacleTwoWays_Town12_Route1419_Weather26,base,1144,858,75.0,286,0,0,0,0,286,1144,25.0,100.0,286,0
ConstructionObstacleTwoWays_Town12_Route1422_Weather26,base,1060,795,75.0,265,0,0,0,0,265,1060,25.0,100.0,265,0
ParkedObstacleTwoWays_Town12_Route1166_Weather22,base,1008,756,75.0,252,0,0,0,0,252,1008,25.0,100.0,252,0
ParkingCrossingPedestrian_Town12_Route953_Weather9,base,484,363,75.0,121,0,0,0,0,121,484,25.0,100.0,121,0
ParkingCutIn_Town12_Route902_Weather18,base,524,393,75.0,131,0,0,0,0,131,524,25.0,100.0,131,0
ParkingExit_Town12_Route1321_Weather6,base,504,378,75.0,126,0,0,0,0,126,504,25.0,100.0,126,0
ParkingExit_Town12_Route1322_Weather7,base,500,375,75.0,125,0,0,0,0,125,500,25.0,100.0,125,0
ParkingExit_Town13_Route731_Weather3,base,124,93,75.0,31,0,0,0,0,31,124,25.0,100.0,31,0
SignalizedJunctionRightTurn_Town12_Route804_Weather5,base,588,441,75.0,147,0,0,86,0,147,588,25.0,100.0,147,0
VehicleTurningRoutePedestrian_Town12_Route999_Weather11,base,1480,1110,75.0,370,0,0,305,0,370,1480,25.0,100.0,370,0
ParkedObstacleTwoWays_Town12_Route1161_Weather9,base,1007,754,74.9,252,0,1,0,0,252,1006,25.0,99.9,252,0
VanillaSignalizedTurnEncounterRedLight_Town12_Route15482_Weather15,weak,1078,807,74.9,271,0,0,173,0,271,1078,25.1,100.0,269,0
ConstructionObstacleTwoWays_Town12_Route1083_Weather9,base,1099,822,74.8,276,0,1,0,0,276,1098,25.1,99.9,274,0
DynamicObjectCrossing_Town12_Route22_Weather22,base,771,577,74.8,176,0,18,0,0,176,753,22.8,97.7,193,0
ParkingCutIn_Town13_Route1347_Weather6,base,474,351,74.1,123,0,0,0,0,123,474,25.9,100.0,117,0
VanillaSignalizedTurnEncounterRedLight_Town12_Route15531_Weather12,weak,890,656,73.7,0,226,8,73,0,82,656,9.2,73.7,164,0
VanillaSignalizedTurnEncounterRedLight_Town12_Route15541_Weather22,weak,2402,1740,72.4,331,0,331,314,0,331,2071,13.8,86.2,435,0
ControlLoss_Town11_Route402_Weather12,base,250,180,72.0,64,0,6,0,0,122,186,48.8,74.4,64,0
YieldToEmergencyVehicle_Town12_Route917_Weather7,base,509,366,71.9,1,142,0,0,0,69,435,13.6,85.5,92,0
VanillaSignalizedTurnEncounterRedLight_Town12_Route15577_Weather6,weak,1907,1370,71.8,523,0,14,309,0,523,1893,27.4,99.3,430,0
VanillaSignalizedTurnEncounterRedLight_Town12_Route15544_Weather25,weak,1809,1278,70.6,517,14,0,351,0,531,1809,29.4,100.0,426,0
VanillaSignalizedTurnEncounterRedLight_Town12_Route15487_Weather20,weak,2589,1816,70.1,0,773,0,368,0,1,1817,0.0,70.2,454,0
VanillaSignalizedTurnEncounterRedLight_Town12_Route15494_Weather1,weak,2496,1748,70.0,748,0,0,360,0,748,2496,30.0,100.0,437,0
VehicleTurningRoute_Town12_Route997_Weather9,base,3115,2164,69.5,0,951,0,458,0,28,2192,0.9,70.4,541,0
VehicleTurningRoute_Town12_Route825_Weather21,base,3129,2152,68.8,946,30,1,446,0,976,3128,31.2,100.0,538,0
VanillaSignalizedTurnEncounterRedLight_Town12_Route15530_Weather11,weak,1169,801,68.5,267,101,0,179,0,305,1068,26.1,91.4,267,0
PedestrianCrossing_Town12_Route865_Weather7,base,3010,2044,67.9,943,23,0,451,0,966,3010,32.1,100.0,511,0
DynamicObjectCrossing_Town11_Route20_Weather20,base,291,194,66.7,97,0,0,0,0,97,291,33.3,100.0,97,0
ParkingCrossingPedestrian_Town12_Route759_Weather5,base,171,114,66.7,57,0,0,0,0,57,171,33.3,100.0,57,0
ParkingCutIn_Town12_Route1300_Weather13,base,372,248,66.7,124,0,0,0,0,124,372,33.3,100.0,124,0
ParkingCutIn_Town12_Route1303_Weather8,base,393,262,66.7,131,0,0,0,0,131,393,33.3,100.0,131,0
ParkingCutIn_Town12_Route1310_Weather0,base,366,244,66.7,122,0,0,0,0,122,366,33.3,100.0,122,0
ParkingCutIn_Town12_Route1313_Weather3,base,384,256,66.7,128,0,0,0,0,128,384,33.3,100.0,128,0
ParkingCutIn_Town12_Route762_Weather8,base,165,110,66.7,55,0,0,0,0,55,165,33.3,100.0,55,0
ParkingCutIn_Town12_Route764_Weather10,base,162,108,66.7,54,0,0,0,0,54,162,33.3,100.0,54,0
ParkingCutIn_Town12_Route901_Weather9,base,387,258,66.7,129,0,0,0,0,129,387,33.3,100.0,129,0
ParkingCutIn_Town12_Route955_Weather19,base,156,104,66.7,52,0,0,0,0,52,156,33.3,100.0,52,0
ParkingExit_Town12_Route1307_Weather20,base,378,252,66.7,126,0,0,0,0,126,378,33.3,100.0,126,0
ParkingExit_Town12_Route1318_Weather2,base,381,254,66.7,127,0,0,0,0,127,381,33.3,100.0,127,0
ParkingExit_Town13_Route678_Weather2,base,342,228,66.7,114,0,0,0,0,228,342,66.7,100.0,114,0
VanillaSignalizedTurnEncounterRedLight_Town12_Route875_Weather9,base,6773,4418,65.2,1731,577,47,489,0,2308,6149,34.1,90.8,577,0
TJunction_Town12_Route947_Weather11,base,1800,1168,64.9,624,0,8,424,0,624,1792,34.7,99.6,547,0
VehicleTurningRoutePedestrian_Town13_Route702_Weather14,base,1535,992,64.6,543,0,0,152,0,543,1535,35.4,100.0,248,0
ParkingExit_Town12_Route1309_Weather22,base,620,390,62.9,230,0,0,0,0,230,620,37.1,100.0,155,0
ParkingCutIn_Town12_Route903_Weather20,base,639,398,62.3,240,0,1,0,0,240,638,37.6,99.8,159,0
ParkingExit_Town12_Route1320_Weather5,base,623,388,62.3,234,0,1,0,0,234,622,37.6,99.8,156,0
ParkingCutIn_Town12_Route1315_Weather6,base,631,392,62.1,238,0,1,0,0,238,630,37.7,99.8,157,0
VanillaSignalizedTurnEncounterRedLight_Town12_Route15468_Weather1,weak,6289,3898,62.0,0,2372,19,513,0,1779,5084,28.3,80.8,593,0
VehicleTurningRoutePedestrian_Town13_Route609_Weather21,base,2519,1540,61.1,950,0,29,295,0,950,2490,37.7,98.8,385,0
VanillaSignalizedTurnEncounterGreenLight_Town13_Route640_Weather8,base,2528,1520,60.1,1008,0,0,308,0,1008,2528,39.9,100.0,380,0
VehicleTurningRoutePedestrian_Town12_Route1027_Weather13,base,1233,733,59.4,500,0,0,155,0,500,1233,40.6,100.0,223,0
VanillaSignalizedTurnEncounterGreenLight_Town12_Route870_Weather12,base,2817,1667,59.2,1083,43,24,310,0,1126,2793,40.0,99.1,378,0
ParkingCutIn_Town12_Route954_Weather18,base,2343,1374,58.6,819,137,13,0,0,956,2330,40.8,99.4,458,0
ParkingCutIn_Town12_Route763_Weather9,base,2348,1359,57.9,835,140,14,0,0,975,2334,41.5,99.4,453,0
ParkedObstacleTwoWays_Town12_Route1168_Weather23,base,1063,610,57.4,452,0,1,0,0,452,1062,42.5,99.9,266,0
ConstructionObstacleTwoWays_Town12_Route1404_Weather26,base,1200,686,57.2,514,0,0,0,0,514,1200,42.8,100.0,300,0
AccidentTwoWays_Town12_Route1454_Weather13,base,1202,686,57.1,515,0,1,0,0,515,1201,42.8,99.9,300,0
ParkingExit_Town12_Route1319_Weather3,base,2259,1290,57.1,815,136,18,0,0,951,2241,42.1,99.2,430,0
VanillaSignalizedTurnEncounterRedLight_Town12_Route15519_Weather0,weak,872,496,56.9,27,338,11,48,0,54,550,6.2,63.1,124,0
AccidentTwoWays_Town12_Route1446_Weather2,base,1191,674,56.6,516,0,1,0,0,516,1190,43.3,99.9,298,0
ConstructionObstacleTwoWays_Town12_Route1414_Weather26,base,1220,690,56.6,530,0,0,0,0,530,1220,43.4,100.0,305,0
ParkingExit_Town12_Route1308_Weather21,base,2327,1317,56.6,846,141,23,0,0,987,2304,42.4,99.0,439,0
AccidentTwoWays_Town12_Route1458_Weather9,base,1191,672,56.4,518,0,1,0,0,518,1190,43.5,99.9,298,0
AccidentTwoWays_Town12_Route1455_Weather14,base,1183,666,56.3,516,0,1,0,0,516,1182,43.6,99.9,296,0
VanillaSignalizedTurnEncounterRedLight_Town12_Route15460_Weather19,weak,3540,1944,54.9,435,1161,0,415,0,993,2814,28.1,79.5,486,0
VanillaSignalizedTurnEncounterRedLight_Town12_Route15474_Weather7,weak,1911,1035,54.2,801,0,75,158,0,801,1836,41.9,96.1,286,0
ParkingCrossingPedestrian_Town12_Route760_Weather6,base,745,393,52.8,0,301,51,0,0,128,314,17.2,42.1,118,0
VanillaSignalizedTurnEncounterRedLight_Town12_Route15497_Weather3,weak,703,362,51.5,322,0,19,29,0,322,684,45.8,97.3,133,0
YieldToEmergencyVehicle_Town12_Route20667_Weather22,weak,153,78,51.0,75,0,0,0,0,75,153,49.0,100.0,39,0
ParkedObstacle_Town11_Route395_Weather5,base,1098,558,50.8,525,0,15,0,0,525,1083,47.8,98.6,141,0
VanillaSignalizedTurnEncounterRedLight_Town12_Route15526_Weather7,weak,2583,1312,50.8,1253,0,18,506,0,1253,2565,48.5,99.3,599,0
HazardAtSideLane_Town12_Route774_Weather20,base,589,296,50.3,148,145,0,0,0,293,589,49.7,100.0,148,0
AccidentTwoWays_Town12_Route1103_Weather11,base,1280,640,50.0,640,0,0,0,0,640,1280,50.0,100.0,320,0
AccidentTwoWays_Town12_Route1463_Weather22,base,996,498,50.0,498,0,0,0,0,498,996,50.0,100.0,249,0
CrossingBicycleFlow_Town12_Route1062_Weather22,base,1876,938,50.0,938,0,0,340,0,938,1876,50.0,100.0,469,0
ParkedObstacleTwoWays_Town12_Route1173_Weather3,base,1032,516,50.0,516,0,0,0,0,516,1032,50.0,100.0,258,0
ParkingCutIn_Town12_Route1301_Weather14,base,464,232,50.0,232,0,0,0,0,232,464,50.0,100.0,116,0
PedestrianCrossing_Town12_Route866_Weather8,base,1992,996,50.0,996,0,0,111,0,996,1992,50.0,100.0,498,0
VanillaSignalizedTurnEncounterRedLight_Town12_Route15477_Weather10,weak,1760,880,50.0,880,0,0,342,0,880,1760,50.0,100.0,440,0
VanillaSignalizedTurnEncounterRedLight_Town12_Route15478_Weather11,weak,1136,568,50.0,568,0,0,163,0,568,1136,50.0,100.0,284,0
VanillaSignalizedTurnEncounterRedLight_Town12_Route15490_Weather23,weak,2304,1152,50.0,576,576,0,462,0,1152,2304,50.0,100.0,576,0
VanillaSignalizedTurnEncounterRedLight_Town12_Route15502_Weather9,weak,2356,1178,50.0,589,589,0,499,0,1178,2356,50.0,100.0,589,0
VanillaSignalizedTurnEncounterRedLight_Town12_Route15505_Weather12,weak,2344,1172,50.0,586,586,0,496,0,1172,2344,50.0,100.0,586,0
VanillaSignalizedTurnEncounterRedLight_Town12_Route15533_Weather14,weak,3478,1739,50.0,600,600,539,515,0,1200,2939,34.5,84.5,600,0
VanillaSignalizedTurnEncounterRedLight_Town12_Route15552_Weather7,weak,2308,1154,50.0,1154,0,0,493,0,1154,2308,50.0,100.0,577,0
ParkingCutIn_Town12_Route1311_Weather1,base,471,234,49.7,236,0,1,0,0,236,470,50.1,99.8,117,0
AccidentTwoWays_Town12_Route1468_Weather2,base,2679,1314,49.0,1114,238,13,0,0,1352,2666,50.5,99.5,438,0
AccidentTwoWays_Town12_Route1461_Weather20,base,2741,1314,47.9,1164,250,13,0,0,1414,2728,51.6,99.5,438,0
EnterActorFlow_Town12_Route831_Weather25,base,593,284,47.9,297,0,12,46,0,297,581,50.1,98.0,120,0
CrossingBicycleFlow_Town12_Route1072_Weather6,base,1766,842,47.7,842,82,0,336,0,864,1706,48.9,96.6,421,0
VehicleTurningRoutePedestrian_Town12_Route1040_Weather0,base,2158,1024,47.5,1118,16,0,450,0,1134,2158,52.5,100.0,512,0
CrossingBicycleFlow_Town12_Route1011_Weather23,base,1701,806,47.4,806,89,0,338,0,830,1636,48.8,96.2,403,0
VanillaSignalizedTurnEncounterRedLight_Town12_Route15486_Weather19,weak,1194,544,45.6,612,38,0,239,0,650,1194,54.4,100.0,272,0
ConstructionObstacleTwoWays_Town12_Route1096_Weather3,base,1208,548,45.4,660,0,0,0,0,660,1208,54.6,100.0,274,0
CrossingBicycleFlow_Town12_Route1071_Weather0,base,3613,1636,45.3,1224,446,307,333,0,1654,2860,45.8,79.2,408,0
ConstructionObstacleTwoWays_Town12_Route1406_Weather26,base,1195,540,45.2,625,29,1,0,0,654,1194,54.7,99.9,270,0
CrossingBicycleFlow_Town12_Route1076_Weather10,base,3562,1610,45.2,1206,438,308,332,0,1629,2816,45.7,79.1,402,0
ConstructionObstacleTwoWays_Town12_Route1415_Weather26,base,1192,538,45.1,625,29,0,0,0,654,1192,54.9,100.0,269,0
CrossingBicycleFlow_Town12_Route1050_Weather10,base,3624,1636,45.1,1227,450,311,340,0,1659,2863,45.8,79.0,409,0
CrossingBicycleFlow_Town12_Route1063_Weather23,base,3582,1616,45.1,1212,445,309,335,0,1639,2828,45.8,79.0,404,0
CrossingBicycleFlow_Town12_Route1078_Weather12,base,7802,3484,44.7,13,3756,549,333,0,2816,5375,36.1,68.9,939,0
ParkingCutIn_Town13_Route1345_Weather3,base,914,407,44.5,369,75,63,0,0,591,851,64.7,93.1,161,0
CrossingBicycleFlow_Town12_Route1032_Weather18,base,2772,1188,42.9,0,1584,0,332,332,1188,1980,42.9,71.4,396,0
CrossingBicycleFlow_Town12_Route1065_Weather25,base,2947,1263,42.9,0,1684,0,327,327,1263,2105,42.9,71.4,421,0
VanillaSignalizedTurnEncounterRedLight_Town12_Route15481_Weather14,weak,2219,951,42.9,0,1268,0,203,203,951,1585,42.9,71.4,317,0
ParkingCrossingPedestrian_Town12_Route897_Weather13,base,3970,1657,41.7,9,2291,13,0,0,1716,2812,43.2,70.8,561,0
DynamicObjectCrossing_Town12_Route23_Weather23,base,1091,451,41.3,0,629,11,0,0,629,1080,57.7,99.0,121,0
SignalizedJunctionLeftTurnEnterFlow_Town12_Route948_Weather9,base,678,280,41.3,382,16,0,81,0,398,678,58.7,100.0,140,0
TJunction_Town12_Route882_Weather23,base,3482,1401,40.2,482,1583,16,421,0,1015,2933,29.1,84.2,467,0
VanillaSignalizedTurnEncounterRedLight_Town12_Route15489_Weather22,weak,1524,590,38.7,762,172,0,161,0,934,1524,61.3,100.0,295,0
YieldToEmergencyVehicle_Town12_Route20672_Weather1,weak,1318,484,36.7,509,311,14,0,0,820,1304,62.2,98.9,242,0
SignalizedJunctionRightTurn_Town12_Route964_Weather2,base,739,270,36.5,448,21,0,74,0,469,739,63.5,100.0,135,0
ConstructionObstacle_Town12_Route78_Weather0,base,653,236,36.1,417,0,0,0,0,417,653,63.9,100.0,118,0
SignalizedJunctionRightTurn_Town12_Route988_Weather0,base,859,308,35.9,525,26,0,92,0,551,859,64.1,100.0,154,0
VanillaSignalizedTurnEncounterRedLight_Town12_Route15512_Weather19,weak,2324,776,33.4,928,290,330,168,0,1218,1994,52.4,85.8,215,0
YieldToEmergencyVehicle_Town12_Route20614_Weather21,weak,451,148,32.8,267,36,0,0,0,303,451,67.2,100.0,74,0
YieldToEmergencyVehicle_Town12_Route20862_Weather9,weak,460,150,32.6,273,37,0,0,0,310,460,67.4,100.0,75,0
VanillaSignalizedTurnEncounterRedLight_Town12_Route15479_Weather12,weak,894,282,31.5,425,171,16,30,0,596,878,66.7,98.2,141,0
YieldToEmergencyVehicle_Town12_Route20815_Weather14,weak,748,228,30.5,163,300,57,0,0,348,437,46.5,58.4,70,0
VanillaSignalizedTurnEncounterRedLight_Town12_Route15503_Weather10,weak,2108,636,30.2,828,276,368,244,0,1104,1740,52.4,82.5,215,0
VanillaSignalizedTurnEncounterRedLight_Town13_Route3870_Weather9,weak,2939,880,29.9,880,1179,0,362,0,1307,1760,44.5,59.9,440,0
EnterActorFlow_Town12_Route830_Weather23,base,741,209,28.2,500,0,32,42,0,500,709,67.5,95.7,58,0
ParkedObstacle_Town12_Route772_Weather11,base,809,226,27.9,365,132,86,0,0,482,659,59.6,81.5,65,0
TJunction_Town13_Route691_Weather15,base,3185,805,25.3,675,1635,70,316,316,1097,1480,34.4,46.5,422,0
AccidentTwoWays_Town12_Route1445_Weather1,base,2652,669,25.2,1527,445,11,0,0,1972,2641,74.4,99.6,223,0
AccidentTwoWays_Town12_Route1453_Weather12,base,2636,660,25.0,1521,444,11,0,0,1965,2625,74.5,99.6,220,0
AccidentTwoWays_Town12_Route1114_Weather22,base,2619,651,24.9,1515,443,10,0,0,1958,2609,74.8,99.6,217,0
ParkingCutIn_Town13_Route548_Weather2,base,1053,258,24.5,203,592,0,0,0,754,827,71.6,78.5,123,0
ConstructionObstacle_Town12_Route77_Weather25,base,749,180,24.0,200,369,0,0,0,320,380,42.7,50.7,90,0
ParkingCutIn_Town13_Route672_Weather22,base,872,207,23.7,637,28,0,0,0,872,872,100.0,100.0,127,0
VanillaSignalizedTurnEncounterRedLight_Town12_Route15461_Weather20,weak,3125,685,21.9,2384,0,56,338,0,2384,3069,76.3,98.2,344,0
VanillaSignalizedTurnEncounterRedLight_Town12_Route15469_Weather2,weak,4167,892,21.4,3203,0,72,478,0,3203,4095,76.9,98.3,447,0
VanillaSignalizedTurnEncounterRedLight_Town12_Route15518_Weather25,weak,4289,886,20.7,3317,0,86,503,0,3317,4203,77.3,98.0,444,0
HazardAtSideLane_Town12_Route1534_Weather7,base,743,150,20.2,0,592,1,0,0,296,446,39.8,60.0,38,0
ParkedObstacle_Town12_Route771_Weather9,base,694,134,19.3,0,559,1,0,0,279,413,40.2,59.5,34,0
ParkingCutIn_Town13_Route1348_Weather7,base,521,100,19.2,421,0,0,0,0,421,521,80.8,100.0,50,0
ConstructionObstacle_Town12_Route79_Weather1,base,707,132,18.7,575,0,0,0,0,575,707,81.3,100.0,66,0
HazardAtSideLane_Town12_Route1536_Weather11,base,1595,290,18.2,329,976,0,0,0,639,619,40.1,38.8,145,0
ParkingExit_Town13_Route570_Weather23,base,859,148,17.2,710,0,1,0,0,710,858,82.7,99.9,74,0
ParkingExit_Town12_Route788_Weather8,base,2292,393,17.1,1443,442,14,0,0,1885,2278,82.2,99.4,131,0
YieldToEmergencyVehicle_Town12_Route20802_Weather1,weak,444,74,16.7,262,108,0,0,0,370,444,83.3,100.0,37,0
ParkingCutIn_Town12_Route900_Weather19,base,2426,399,16.4,1537,476,14,0,0,2013,2412,83.0,99.4,133,0
ParkedObstacle_Town12_Route770_Weather8,base,729,114,15.6,121,491,3,0,0,121,399,16.6,54.7,57,0
VanillaSignalizedTurnEncounterRedLight_Town12_Route15524_Weather5,weak,721,112,15.5,451,146,12,41,0,597,709,82.8,98.3,28,0
VanillaSignalizedTurnEncounterRedLight_Town12_Route15500_Weather7,weak,732,112,15.3,456,152,12,78,0,608,720,83.1,98.4,37,0
ParkingExit_Town12_Route1316_Weather0,base,623,86,13.8,536,0,1,0,0,536,622,86.0,99.8,43,0
ParkingExit_Town12_Route1305_Weather18,base,619,84,13.6,534,0,1,0,0,534,618,86.3,99.8,42,0
VanillaSignalizedTurnEncounterRedLight_Town12_Route1054_Weather14,base,1055,142,13.5,541,342,30,46,0,756,820,71.7,77.7,71,0
VanillaSignalizedTurnEncounterRedLight_Town12_Route15470_Weather3,weak,753,88,11.7,432,144,89,69,0,576,664,76.5,88.2,88,0
ParkedObstacle_Town13_Route553_Weather11,base,2018,208,10.3,1391,406,13,0,0,1797,2005,89.0,99.4,104,0
SignalizedJunctionLeftTurnEnterFlow_Town12_Route884_Weather0,base,721,72,10.0,635,0,14,86,0,635,707,88.1,98.1,18,0
VanillaSignalizedTurnEncounterRedLight_Town12_Route15559_Weather14,weak,1244,108,8.7,846,278,12,179,0,1124,1232,90.4,99.0,27,0
ParkedObstacleTwoWays_Town12_Route1174_Weather3,base,1146,80,7.0,818,247,1,0,0,1065,1145,92.9,99.9,40,0
ConstructionObstacleTwoWays_Town12_Route1424_Weather26,base,1210,82,6.8,865,262,1,0,0,1127,1209,93.1,99.9,41,0
ParkedObstacleTwoWays_Town12_Route1172_Weather2,base,1175,80,6.8,840,254,1,0,0,1094,1174,93.1,99.9,40,0
ConstructionObstacleTwoWays_Town12_Route1098_Weather6,base,1219,80,6.6,873,265,1,0,0,1138,1218,93.4,99.9,40,0
ConstructionObstacleTwoWays_Town12_Route1425_Weather26,base,1206,80,6.6,863,262,1,0,0,1125,1205,93.3,99.9,40,0
CrossingBicycleFlow_Town12_Route1068_Weather2,base,1748,108,6.2,1224,404,12,334,0,1628,1736,93.1,99.3,27,0
BlockedIntersection_Town12_Route836_Weather3,base,2690,148,5.5,2529,0,13,235,0,2529,2677,94.0,99.5,37,0
CrossingBicycleFlow_Town12_Route862_Weather3,base,1714,92,5.4,1211,400,11,331,0,1611,1703,94.0,99.4,23,0
VehicleTurningRoutePedestrian_Town12_Route970_Weather8,base,2208,100,4.5,2096,0,12,450,0,2096,2196,94.9,99.5,25,0
CrossingBicycleFlow_Town12_Route1044_Weather3,base,1674,66,3.9,1595,0,13,321,0,1595,1661,95.3,99.2,22,0
VanillaSignalizedTurnEncounterRedLight_Town12_Route15520_Weather1,weak,2043,78,3.8,869,1084,12,180,0,1676,1493,82.0,73.1,26,0
VanillaSignalizedTurnEncounterRedLight_Town12_Route969_Weather7,base,2196,84,3.8,2100,0,12,459,0,2100,2184,95.6,99.5,21,0
VanillaSignalizedTurnEncounterRedLight_Town12_Route945_Weather9,base,2408,80,3.3,2316,0,12,511,0,2316,2396,96.2,99.5,20,0
VanillaSignalizedTurnEncounterRedLight_Town12_Route15472_Weather5,weak,1842,44,2.4,1354,433,11,310,0,1787,1831,97.0,99.4,22,0
AccidentTwoWays_Town12_Route1105_Weather13,base,723,0,0.0,0,723,0,0,0,306,186,42.3,25.7,0,0
AccidentTwoWays_Town12_Route1106_Weather14,base,1008,0,0.0,1008,0,0,0,0,1008,1008,100.0,100.0,0,0
AccidentTwoWays_Town12_Route1109_Weather9,base,1015,0,0.0,1015,0,0,0,0,1015,1015,100.0,100.0,0,0
AccidentTwoWays_Town12_Route1110_Weather18,base,1751,0,0.0,0,1751,0,0,0,875,875,50.0,50.0,0,0
AccidentTwoWays_Town12_Route1117_Weather25,base,872,0,0.0,654,218,0,0,0,872,872,100.0,100.0,0,0
AccidentTwoWays_Town12_Route1119_Weather1,base,2804,0,0.0,2218,586,0,0,0,2804,2665,100.0,95.0,0,0
AccidentTwoWays_Town12_Route1121_Weather3,base,691,0,0.0,0,691,0,0,0,293,177,42.4,25.6,0,0
AccidentTwoWays_Town12_Route1124_Weather18,base,4354,0,0.0,2257,2097,0,0,0,3656,2992,84.0,68.7,0,0
AccidentTwoWays_Town12_Route1126_Weather8,base,1027,0,0.0,770,257,0,0,0,1027,1027,100.0,100.0,0,0
AccidentTwoWays_Town12_Route1127_Weather9,base,1324,0,0.0,0,1324,0,0,0,662,662,50.0,50.0,0,0
AccidentTwoWays_Town12_Route1448_Weather5,base,1020,0,0.0,1020,0,0,0,0,1020,1020,100.0,100.0,0,0
Accident_Town03_Route101_Weather23,base,270,0,0.0,0,270,0,0,0,180,180,66.7,66.7,0,0
Accident_Town03_Route102_Weather20,base,303,0,0.0,0,303,0,0,0,240,303,79.2,100.0,0,0
Accident_Town03_Route146_Weather8,base,231,0,0.0,0,231,0,0,0,154,154,66.7,66.7,0,0
Accident_Town03_Route156_Weather0,base,69,0,0.0,0,69,0,0,0,69,69,100.0,100.0,0,0
Accident_Town05_Route218_Weather10,base,384,0,0.0,0,384,0,0,0,32,32,8.3,8.3,0,0
Accident_Town05_Route219_Weather11,base,416,0,0.0,0,416,0,0,0,30,30,7.2,7.2,0,0
Accident_Town12_Route1122_Weather3,base,923,0,0.0,811,112,0,0,0,923,777,100.0,84.2,0,0
Accident_Town12_Route766_Weather12,base,1184,0,0.0,773,411,0,0,0,914,773,77.2,65.3,0,0
Accident_Town12_Route767_Weather13,base,624,0,0.0,468,156,0,0,0,624,624,100.0,100.0,0,0
Accident_Town12_Route768_Weather14,base,463,0,0.0,347,116,0,0,0,463,463,100.0,100.0,0,0
Accident_Town12_Route956_Weather20,base,1609,0,0.0,0,1609,0,0,0,1609,1609,100.0,100.0,0,0
Accident_Town13_Route552_Weather6,base,582,0,0.0,582,0,0,0,0,582,582,100.0,100.0,0,0
Accident_Town15_Route412_Weather22,base,1381,0,0.0,1381,0,0,0,0,1381,1067,100.0,77.3,0,0
Accident_Town15_Route413_Weather23,base,357,0,0.0,0,357,0,0,0,357,238,100.0,66.7,0,0
BlockedIntersection_Town03_Route134_Weather3,base,2862,0,0.0,0,2862,0,305,0,1916,2862,66.9,100.0,0,0
BlockedIntersection_Town03_Route135_Weather5,base,10145,0,0.0,0,10145,0,154,0,5823,9698,57.4,95.6,0,0
BlockedIntersection_Town03_Route136_Weather6,base,1964,0,0.0,0,1964,0,42,0,1480,1964,75.4,100.0,0,0
BlockedIntersection_Town04_Route193_Weather11,base,6522,0,0.0,5335,1187,0,0,0,6522,6522,100.0,100.0,0,0
BlockedIntersection_Town04_Route194_Weather12,base,4787,0,0.0,3902,885,0,0,0,4787,4787,100.0,100.0,0,0
BlockedIntersection_Town04_Route195_Weather13,base,6491,0,0.0,5320,1171,0,0,0,6491,6491,100.0,100.0,0,0
BlockedIntersection_Town05_Route247_Weather19,base,5126,0,0.0,0,5126,0,140,140,0,0,0.0,0.0,0,0
BlockedIntersection_Town05_Route248_Weather14,base,2516,0,0.0,0,2516,0,194,194,0,0,0.0,0.0,0,0
BlockedIntersection_Town05_Route272_Weather12,base,11685,0,0.0,0,11685,0,453,453,0,117,0.0,1.0,0,0
BlockedIntersection_Town07_Route351_Weather13,base,818,0,0.0,0,818,0,0,0,500,500,61.1,61.1,0,0
BlockedIntersection_Town07_Route352_Weather14,base,2258,0,0.0,1464,794,0,54,0,1708,1868,75.6,82.7,0,0
BlockedIntersection_Town07_Route353_Weather15,base,635,0,0.0,0,635,0,0,0,384,384,60.5,60.5,0,0
BlockedIntersection_Town10HD_Route391_Weather1,base,3503,0,0.0,0,3503,0,148,148,0,0,0.0,0.0,0,0
BlockedIntersection_Town12_Route936_Weather0,base,8049,0,0.0,0,8049,0,467,0,3018,1918,37.5,23.8,0,0
BlockedIntersection_Town13_Route615_Weather9,base,1392,0,0.0,0,1392,0,316,0,1392,1392,100.0,100.0,0,0
BlockedIntersection_Town13_Route616_Weather18,base,1956,0,0.0,1956,0,0,307,0,1956,1956,100.0,100.0,0,0
ConstructionObstacleTwoWays_Town12_Route1085_Weather6,base,387,0,0.0,0,387,0,0,0,258,387,66.7,100.0,0,0
ConstructionObstacleTwoWays_Town12_Route1086_Weather20,base,980,0,0.0,861,119,0,0,0,980,824,100.0,84.1,0,0
ConstructionObstacleTwoWays_Town12_Route1091_Weather12,base,1068,0,0.0,1068,0,0,0,0,1068,1068,100.0,100.0,0,0
ConstructionObstacleTwoWays_Town12_Route1095_Weather3,base,1040,0,0.0,1040,0,0,0,0,1040,1040,100.0,100.0,0,0
ConstructionObstacleTwoWays_Town12_Route1099_Weather7,base,1211,0,0.0,1050,161,0,0,0,1211,1036,100.0,85.5,0,0
ConstructionObstacleTwoWays_Town12_Route1100_Weather14,base,4333,0,0.0,750,3583,0,0,0,2638,984,60.9,22.7,0,0
ConstructionObstacleTwoWays_Town12_Route1410_Weather26,base,1044,0,0.0,1044,0,0,0,0,1044,1044,100.0,100.0,0,0
ConstructionObstacleTwoWays_Town12_Route1418_Weather26,base,1028,0,0.0,1028,0,0,0,0,1028,1028,100.0,100.0,0,0
ConstructionObstacleTwoWays_Town12_Route1421_Weather26,base,1071,0,0.0,803,268,0,0,0,1071,1071,100.0,100.0,0,0
ConstructionObstacle_Town03_Route60_Weather8,base,1208,0,0.0,0,1208,0,0,0,779,1030,64.5,85.3,0,0
ConstructionObstacle_Town03_Route61_Weather9,base,300,0,0.0,0,300,0,0,0,200,200,66.7,66.7,0,0
ConstructionObstacle_Town03_Route62_Weather10,base,208,0,0.0,0,208,0,0,0,171,208,82.2,100.0,0,0
ConstructionObstacle_Town03_Route63_Weather11,base,1220,0,0.0,0,1220,0,0,0,784,1038,64.3,85.1,0,0
ConstructionObstacle_Town04_Route66_Weather14,base,588,0,0.0,327,261,0,0,0,588,588,100.0,100.0,0,0
ConstructionObstacle_Town05_Route68_Weather8,base,340,0,0.0,0,340,0,0,0,0,0,0.0,0.0,0,0
ConstructionObstacle_Town05_Route69_Weather9,base,454,0,0.0,0,454,0,0,0,41,41,9.0,9.0,0,0
ConstructionObstacle_Town05_Route70_Weather18,base,353,0,0.0,0,353,0,0,0,0,0,0.0,0.0,0,0
ConstructionObstacle_Town05_Route71_Weather19,base,333,0,0.0,0,333,0,0,0,0,0,0.0,0.0,0,0
ConstructionObstacle_Town10HD_Route74_Weather22,base,120,0,0.0,0,120,0,0,0,0,0,0.0,0.0,0,0
ConstructionObstacle_Town12_Route76_Weather23,base,495,0,0.0,371,124,0,0,0,495,495,100.0,100.0,0,0
ConstructionObstacle_Town13_Route80_Weather2,base,369,0,0.0,0,369,0,0,0,123,123,33.3,33.3,0,0
ConstructionObstacle_Town13_Route81_Weather3,base,282,0,0.0,0,282,0,0,0,94,94,33.3,33.3,0,0
ConstructionObstacle_Town13_Route82_Weather3,base,336,0,0.0,0,336,0,0,0,336,336,100.0,100.0,0,0
ConstructionObstacle_Town13_Route83_Weather5,base,321,0,0.0,0,321,0,0,0,214,321,66.7,100.0,0,0
ConstructionObstacle_Town15_Route84_Weather6,base,833,0,0.0,833,0,0,0,0,833,713,100.0,85.6,0,0
ConstructionObstacle_Town15_Route85_Weather7,base,878,0,0.0,878,0,0,0,0,878,738,100.0,84.1,0,0
ControlLoss_Town04_Route170_Weather14,base,1173,0,0.0,1173,0,0,0,0,1173,1173,100.0,100.0,0,0
ControlLoss_Town07_Route332_Weather20,base,1373,0,0.0,1074,299,0,0,0,1242,1273,90.5,92.7,0,0
ControlLoss_Town07_Route333_Weather21,base,1052,0,0.0,797,255,0,0,0,928,958,88.2,91.1,0,0
ControlLoss_Town10HD_Route377_Weather13,base,335,0,0.0,0,335,0,0,0,0,0,0.0,0.0,0,0
ControlLoss_Town10HD_Route378_Weather14,base,393,0,0.0,0,393,0,0,0,0,0,0.0,0.0,0,0
ControlLoss_Town11_Route401_Weather11,base,861,0,0.0,0,861,0,0,0,574,287,66.7,33.3,0,0
CrossingBicycleFlow_Town12_Route1061_Weather21,base,1616,0,0.0,1616,0,0,334,0,1616,1616,100.0,100.0,0,0
CrossingBicycleFlow_Town12_Route1064_Weather23,base,1678,0,0.0,1596,82,0,335,0,1617,1617,96.4,96.4,0,0
CrossingBicycleFlow_Town12_Route1066_Weather0,base,1636,0,0.0,1636,0,0,323,0,1636,1636,100.0,100.0,0,0
CrossingBicycleFlow_Town12_Route1070_Weather3,base,1760,0,0.0,1320,440,0,401,0,1760,1760,100.0,100.0,0,0
CrossingBicycleFlow_Town12_Route1073_Weather7,base,1656,0,0.0,1242,414,0,334,0,1656,1656,100.0,100.0,0,0
CrossingBicycleFlow_Town12_Route1074_Weather8,base,1652,0,0.0,1239,413,0,338,0,1652,1652,100.0,100.0,0,0
CrossingBicycleFlow_Town12_Route1075_Weather9,base,1664,0,0.0,1248,416,0,337,0,1664,1664,100.0,100.0,0,0
CrossingBicycleFlow_Town12_Route1077_Weather11,base,1604,0,0.0,1604,0,0,331,0,1604,1604,100.0,100.0,0,0
CrossingBicycleFlow_Town12_Route860_Weather2,base,1760,0,0.0,1760,0,0,329,0,1760,1760,100.0,100.0,0,0
CrossingBicycleFlow_Town12_Route863_Weather5,base,1580,0,0.0,1580,0,0,328,0,1580,1580,100.0,100.0,0,0
CrossingBicycleFlow_Town12_Route977_Weather15,base,1444,0,0.0,1444,0,0,335,0,1444,1444,100.0,100.0,0,0
DynamicObjectCrossing_Town01_Route1_Weather1,base,923,0,0.0,0,923,0,0,0,0,0,0.0,0.0,0,0
DynamicObjectCrossing_Town01_Route2_Weather2,base,3847,0,0.0,0,3847,0,0,0,0,0,0.0,0.0,0,0
DynamicObjectCrossing_Town01_Route3_Weather3,base,1226,0,0.0,0,1226,0,0,0,0,0,0.0,0.0,0,0
DynamicObjectCrossing_Town01_Route4_Weather3,base,1215,0,0.0,0,1215,0,0,0,0,0,0.0,0.0,0,0
DynamicObjectCrossing_Town01_Route5_Weather2,base,694,0,0.0,0,694,0,0,0,0,0,0.0,0.0,0,0
DynamicObjectCrossing_Town01_Route7_Weather7,base,399,0,0.0,0,399,0,0,0,0,0,0.0,0.0,0,0
DynamicObjectCrossing_Town01_Route8_Weather3,base,696,0,0.0,0,696,0,0,0,0,0,0.0,0.0,0,0
DynamicObjectCrossing_Town02_Route11_Weather11,base,875,0,0.0,0,875,0,0,0,0,0,0.0,0.0,0,0
DynamicObjectCrossing_Town02_Route12_Weather12,base,735,0,0.0,0,735,0,0,0,0,0,0.0,0.0,0,0
DynamicObjectCrossing_Town02_Route14_Weather14,base,905,0,0.0,0,905,0,0,0,0,0,0.0,0.0,0,0
DynamicObjectCrossing_Town02_Route15_Weather15,base,921,0,0.0,0,921,0,0,0,0,0,0.0,0.0,0,0
DynamicObjectCrossing_Town02_Route9_Weather9,base,925,0,0.0,0,925,0,0,0,0,0,0.0,0.0,0,0
DynamicObjectCrossing_Town10HD_Route18_Weather18,base,126,0,0.0,0,126,0,0,0,0,0,0.0,0.0,0,0
DynamicObjectCrossing_Town10HD_Route19_Weather19,base,120,0,0.0,0,120,0,0,0,0,0,0.0,0.0,0,0
DynamicObjectCrossing_Town13_Route24_Weather23,base,328,0,0.0,247,81,0,0,0,328,328,100.0,100.0,0,0
DynamicObjectCrossing_Town13_Route26_Weather0,base,732,0,0.0,434,276,22,0,0,578,578,79.0,79.0,0,0
EnterActorFlow_Town03_Route132_Weather2,base,6719,0,0.0,0,6719,0,455,0,3123,6719,46.5,100.0,0,0
EnterActorFlow_Town04_Route192_Weather10,base,3828,0,0.0,2552,1276,0,151,0,3828,3828,100.0,100.0,0,0
EnterActorFlow_Town05_Route245_Weather9,base,6441,0,0.0,0,6441,0,44,44,0,0,0.0,0.0,0,0
EnterActorFlow_Town05_Route271_Weather11,base,12161,0,0.0,0,12161,0,450,450,0,722,0.0,5.9,0,0
EnterActorFlow_Town07_Route348_Weather10,base,1376,0,0.0,888,488,0,63,0,1094,1149,79.5,83.5,0,0
EnterActorFlow_Town07_Route350_Weather12,base,2212,0,0.0,59,2153,0,450,0,1152,1152,52.1,52.1,0,0
EnterActorFlow_Town12_Route832_Weather0,base,2040,0,0.0,2040,0,0,337,0,2040,2040,100.0,100.0,0,0
EnterActorFlow_Town13_Route611_Weather13,base,440,0,0.0,440,0,0,46,0,440,440,100.0,100.0,0,0
EnterActorFlow_Town13_Route612_Weather14,base,4156,0,0.0,3644,0,512,457,0,3644,3644,87.7,87.7,0,0
EnterActorFlow_Town13_Route613_Weather15,base,420,0,0.0,420,0,0,41,0,420,420,100.0,100.0,0,0
EnterActorFlow_Town13_Route614_Weather8,base,936,0,0.0,936,0,0,156,0,936,936,100.0,100.0,0,0
EnterActorFlow_Town13_Route681_Weather5,base,2615,0,0.0,2092,523,0,456,0,2615,2615,100.0,100.0,0,0
HardBreakRoute_Town01_Route30_Weather3,base,651,0,0.0,0,651,0,0,0,0,0,0.0,0.0,0,0
HardBreakRoute_Town01_Route31_Weather5,base,1206,0,0.0,0,1206,0,0,0,0,0,0.0,0.0,0,0
HardBreakRoute_Town01_Route32_Weather6,base,1237,0,0.0,0,1237,0,0,0,0,0,0.0,0.0,0,0
HardBreakRoute_Town02_Route33_Weather7,base,835,0,0.0,0,835,0,0,0,0,0,0.0,0.0,0,0
HardBreakRoute_Town02_Route34_Weather8,base,598,0,0.0,0,598,0,0,0,0,0,0.0,0.0,0,0
HardBreakRoute_Town02_Route35_Weather9,base,620,0,0.0,0,620,0,0,0,0,0,0.0,0.0,0,0
HardBreakRoute_Town03_Route36_Weather10,base,225,0,0.0,0,225,0,0,0,171,225,76.0,100.0,0,0
HardBreakRoute_Town03_Route37_Weather11,base,1646,0,0.0,0,1646,0,0,0,1090,1409,66.2,85.6,0,0
HardBreakRoute_Town03_Route38_Weather12,base,873,0,0.0,0,873,0,0,0,582,582,66.7,66.7,0,0
HardBreakRoute_Town05_Route42_Weather8,base,2119,0,0.0,0,2119,0,0,0,0,0,0.0,0.0,0,0
HardBreakRoute_Town05_Route43_Weather9,base,1830,0,0.0,0,1830,0,0,0,206,206,11.3,11.3,0,0
HardBreakRoute_Town07_Route47_Weather21,base,1938,0,0.0,1347,591,0,0,0,1577,1610,81.4,83.1,0,0
HardBreakRoute_Town07_Route48_Weather22,base,180,0,0.0,0,180,0,0,0,60,60,33.3,33.3,0,0
HardBreakRoute_Town10HD_Route49_Weather23,base,120,0,0.0,0,120,0,0,0,0,0,0.0,0.0,0,0
HardBreakRoute_Town12_Route51_Weather25,base,1090,0,0.0,966,124,0,0,0,1090,878,100.0,80.6,0,0
HardBreakRoute_Town12_Route52_Weather0,base,624,0,0.0,0,624,0,0,0,0,0,0.0,0.0,0,0
HardBreakRoute_Town13_Route1340_Weather26,base,242,0,0.0,0,242,0,0,0,4,4,1.7,1.7,0,0
HardBreakRoute_Town15_Route59_Weather7,base,3131,0,0.0,1825,1306,0,0,0,3131,2904,100.0,92.7,0,0
HazardAtSideLaneTwoWays_Town12_Route1137_Weather19,base,315,0,0.0,237,78,0,0,0,315,315,100.0,100.0,0,0
HazardAtSideLaneTwoWays_Town12_Route1145_Weather1,base,319,0,0.0,239,80,0,0,0,319,319,100.0,100.0,0,0
HazardAtSideLaneTwoWays_Town12_Route1157_Weather13,base,522,0,0.0,520,0,2,0,0,520,520,99.6,99.6,0,0
HazardAtSideLane_Town03_Route105_Weather22,base,214,0,0.0,0,214,0,0,0,128,192,59.8,89.7,0,0
HazardAtSideLane_Town03_Route106_Weather23,base,183,0,0.0,0,183,0,0,0,122,122,66.7,66.7,0,0
HazardAtSideLane_Town05_Route223_Weather15,base,487,0,0.0,0,487,0,0,0,0,0,0.0,0.0,0,0
HazardAtSideLane_Town10HD_Route373_Weather9,base,132,0,0.0,0,132,0,0,0,0,0,0.0,0.0,0,0
HazardAtSideLane_Town12_Route1507_Weather1,base,453,0,0.0,0,453,0,0,0,151,151,33.3,33.3,0,0
HazardAtSideLane_Town12_Route1512_Weather7,base,162,0,0.0,0,162,0,0,0,54,54,33.3,33.3,0,0
HazardAtSideLane_Town12_Route1519_Weather8,base,327,0,0.0,0,327,0,0,0,218,218,66.7,66.7,0,0
HazardAtSideLane_Town12_Route1520_Weather9,base,235,0,0.0,176,59,0,0,0,235,235,100.0,100.0,0,0
HazardAtSideLane_Town12_Route1521_Weather18,base,129,0,0.0,0,129,0,0,0,43,43,33.3,33.3,0,0
HazardAtSideLane_Town12_Route1527_Weather25,base,565,0,0.0,466,99,0,0,0,565,565,100.0,100.0,0,0
HazardAtSideLane_Town12_Route1528_Weather0,base,837,0,0.0,629,195,13,0,0,824,824,98.4,98.4,0,0
HazardAtSideLane_Town12_Route1538_Weather13,base,550,0,0.0,302,248,0,0,0,503,503,91.5,91.5,0,0
HazardAtSideLane_Town12_Route960_Weather20,base,558,0,0.0,448,110,0,0,0,558,558,100.0,100.0,0,0
HazardAtSideLane_Town13_Route558_Weather12,base,1248,0,0.0,1248,0,0,0,0,1248,1248,100.0,100.0,0,0
HighwayExit_Town06_Route292_Weather14,base,203,0,0.0,0,203,0,0,0,47,70,23.2,34.5,0,0
HighwayExit_Town06_Route293_Weather15,base,205,0,0.0,0,205,0,0,0,48,71,23.4,34.6,0,0
HighwayExit_Town06_Route311_Weather25,base,183,0,0.0,0,183,0,0,0,0,0,0.0,0.0,0,0
HighwayExit_Town06_Route313_Weather1,base,186,0,0.0,0,186,0,0,0,0,0,0.0,0.0,0,0
InterurbanActorFlow_Town06_Route315_Weather3,base,183,0,0.0,0,183,0,0,0,42,62,23.0,33.9,0,0
InterurbanActorFlow_Town06_Route316_Weather3,base,183,0,0.0,0,183,0,0,0,0,0,0.0,0.0,0,0
InvadingTurn_Town02_Route95_Weather9,base,1118,0,0.0,0,1118,0,0,0,0,0,0.0,0.0,0,0
InvadingTurn_Town02_Route99_Weather21,base,1128,0,0.0,0,1128,0,0,0,0,0,0.0,0.0,0,0
InvadingTurn_Town05_Route230_Weather22,base,674,0,0.0,0,674,0,0,0,77,77,11.4,11.4,0,0
InvadingTurn_Town05_Route231_Weather23,base,1237,0,0.0,0,1237,0,0,0,142,142,11.5,11.5,0,0
InvadingTurn_Town05_Route266_Weather6,base,680,0,0.0,0,680,0,0,0,78,78,11.5,11.5,0,0
InvadingTurn_Town12_Route925_Weather15,base,339,0,0.0,0,339,0,0,0,226,113,66.7,33.3,0,0
InvadingTurn_Town13_Route575_Weather3,base,866,0,0.0,331,533,2,0,0,616,366,71.1,42.3,0,0
InvadingTurn_Town13_Route578_Weather6,base,379,0,0.0,0,379,0,0,0,189,189,49.9,49.9,0,0
LaneChange_Town05_Route24259_Weather19,weak,1120,0,0.0,0,1120,0,0,0,73,73,6.5,6.5,0,0
LaneChange_Town10HD_Route24200_Weather3,weak,135,0,0.0,0,135,0,0,0,0,0,0.0,0.0,0,0
LaneChange_Town13_Route664_Weather14,base,312,0,0.0,312,0,0,0,0,312,312,100.0,100.0,0,0
LaneChange_Town13_Route743_Weather3,base,456,0,0.0,0,456,0,121,0,456,456,100.0,100.0,0,0
MergerIntoSlowTraffic_Town06_Route317_Weather5,base,189,0,0.0,0,189,0,0,0,0,0,0.0,0.0,0,0
NonSignalizedJunctionLeftTurn_Town03_Route122_Weather26,base,248,0,0.0,0,248,0,0,0,80,248,32.3,100.0,0,0
NonSignalizedJunctionLeftTurn_Town03_Route123_Weather26,base,243,0,0.0,0,243,0,0,0,75,243,30.9,100.0,0,0
NonSignalizedJunctionLeftTurn_Town03_Route124_Weather26,base,769,0,0.0,0,769,0,0,0,378,760,49.2,98.8,0,0
NonSignalizedJunctionLeftTurn_Town03_Route153_Weather26,base,841,0,0.0,0,841,0,0,0,338,841,40.2,100.0,0,0
NonSignalizedJunctionLeftTurn_Town04_Route181_Weather15,base,14392,0,0.0,10415,3977,0,0,0,14392,14392,100.0,100.0,0,0
NonSignalizedJunctionLeftTurn_Town04_Route182_Weather26,base,4100,0,0.0,2967,1133,0,0,0,4100,4100,100.0,100.0,0,0
NonSignalizedJunctionLeftTurn_Town04_Route183_Weather1,base,11021,0,0.0,7813,3208,0,0,0,11021,11021,100.0,100.0,0,0
NonSignalizedJunctionLeftTurn_Town04_Route212_Weather26,base,3124,0,0.0,2327,797,0,0,0,3124,3124,100.0,100.0,0,0
NonSignalizedJunctionLeftTurn_Town05_Route238_Weather26,base,2024,0,0.0,0,2024,0,0,0,0,0,0.0,0.0,0,0
NonSignalizedJunctionLeftTurn_Town05_Route239_Weather26,base,5319,0,0.0,0,5319,0,413,413,0,56,0.0,1.1,0,0
NonSignalizedJunctionLeftTurn_Town05_Route240_Weather26,base,2698,0,0.0,0,2698,0,0,0,0,0,0.0,0.0,0,0
NonSignalizedJunctionLeftTurn_Town07_Route369_Weather18,base,592,0,0.0,0,592,0,0,0,364,364,61.5,61.5,0,0
NonSignalizedJunctionRightTurn_Town03_Route126_Weather18,base,1013,0,0.0,0,1013,0,0,0,494,1013,48.8,100.0,0,0
NonSignalizedJunctionRightTurn_Town04_Route184_Weather2,base,3116,0,0.0,2553,563,0,0,0,3116,3116,100.0,100.0,0,0
NonSignalizedJunctionRightTurn_Town04_Route185_Weather9,base,4573,0,0.0,3737,836,0,0,0,4573,4573,100.0,100.0,0,0
NonSignalizedJunctionRightTurn_Town07_Route345_Weather14,base,536,0,0.0,0,536,0,0,0,296,296,55.2,55.2,0,0
NonSignalizedJunctionRightTurn_Town07_Route346_Weather15,base,702,0,0.0,0,702,0,0,0,396,396,56.4,56.4,0,0
NonSignalizedJunctionRightTurn_Town12_Route816_Weather15,base,147,0,0.0,0,147,0,0,0,98,98,66.7,66.7,0,0
NonSignalizedJunctionRightTurn_Town12_Route817_Weather11,base,108,0,0.0,81,27,0,0,0,108,108,100.0,100.0,0,0
NonSignalizedJunctionRightTurn_Town13_Route595_Weather11,base,271,0,0.0,202,68,1,0,0,270,270,99.6,99.6,0,0
OppositeVehicleRunningRedLight_Town03_Route119_Weather12,base,1529,0,0.0,0,1529,0,32,0,729,1529,47.7,100.0,0,0
OppositeVehicleRunningRedLight_Town03_Route120_Weather8,base,1474,0,0.0,0,1474,0,48,0,701,1474,47.6,100.0,0,0
OppositeVehicleRunningRedLight_Town03_Route121_Weather13,base,4010,0,0.0,0,4010,0,44,0,1857,4010,46.3,100.0,0,0
OppositeVehicleRunningRedLight_Town03_Route152_Weather22,base,1809,0,0.0,0,1809,0,35,0,872,1809,48.2,100.0,0,0
OppositeVehicleRunningRedLight_Town04_Route178_Weather22,base,2444,0,0.0,2127,317,0,38,0,2444,2444,100.0,100.0,0,0
OppositeVehicleRunningRedLight_Town04_Route179_Weather14,base,3101,0,0.0,2192,909,0,52,0,3101,3101,100.0,100.0,0,0
OppositeVehicleRunningRedLight_Town04_Route180_Weather23,base,3298,0,0.0,2325,973,0,39,0,3298,3298,100.0,100.0,0,0
OppositeVehicleRunningRedLight_Town05_Route235_Weather1,base,5733,0,0.0,0,5733,0,0,0,0,282,0.0,4.9,0,0
OppositeVehicleRunningRedLight_Town05_Route236_Weather10,base,2535,0,0.0,0,2535,0,42,42,99,99,3.9,3.9,0,0
OppositeVehicleRunningRedLight_Town05_Route268_Weather8,base,2944,0,0.0,0,2944,0,112,112,0,0,0.0,0.0,0,0
OppositeVehicleRunningRedLight_Town07_Route368_Weather3,base,633,0,0.0,51,582,0,37,0,357,357,56.4,56.4,0,0
OppositeVehicleRunningRedLight_Town12_Route929_Weather19,base,568,0,0.0,0,568,0,77,77,284,284,50.0,50.0,0,0
OppositeVehicleRunningRedLight_Town12_Route991_Weather3,base,600,0,0.0,450,150,0,44,0,600,600,100.0,100.0,0,0
OppositeVehicleRunningRedLight_Town13_Route587_Weather15,base,536,0,0.0,536,0,0,48,0,536,536,100.0,100.0,0,0
OppositeVehicleRunningRedLight_Town13_Route588_Weather8,base,564,0,0.0,564,0,0,45,0,564,564,100.0,100.0,0,0
OppositeVehicleRunningRedLight_Town13_Route590_Weather18,base,520,0,0.0,520,0,0,43,0,520,520,100.0,100.0,0,0
OppositeVehicleRunningRedLight_Town15_Route440_Weather23,base,604,0,0.0,453,151,0,44,0,604,604,100.0,100.0,0,0
OppositeVehicleRunningRedLight_Town15_Route475_Weather7,base,560,0,0.0,560,0,0,53,0,560,560,100.0,100.0,0,0
OppositeVehicleTakingPriority_Town03_Route128_Weather23,base,613,0,0.0,0,613,0,0,0,286,613,46.7,100.0,0,0
OppositeVehicleTakingPriority_Town03_Route155_Weather25,base,236,0,0.0,0,236,0,0,0,90,228,38.1,96.6,0,0
OppositeVehicleTakingPriority_Town04_Route187_Weather5,base,11392,0,0.0,7874,3518,0,0,0,11392,11392,100.0,100.0,0,0
OppositeVehicleTakingPriority_Town04_Route188_Weather6,base,11072,0,0.0,7682,3390,0,0,0,11072,11072,100.0,100.0,0,0
OppositeVehicleTakingPriority_Town04_Route189_Weather7,base,2403,0,0.0,1770,633,0,0,0,2403,2403,100.0,100.0,0,0
OppositeVehicleTakingPriority_Town04_Route214_Weather6,base,2772,0,0.0,2263,509,0,0,0,2772,2772,100.0,100.0,0,0
OppositeVehicleTakingPriority_Town05_Route241_Weather7,base,2229,0,0.0,0,2229,0,0,0,0,0,0.0,0.0,0,0
OppositeVehicleTakingPriority_Town05_Route242_Weather15,base,1820,0,0.0,0,1820,0,0,0,0,0,0.0,0.0,0,0
OppositeVehicleTakingPriority_Town05_Route243_Weather9,base,905,0,0.0,0,905,0,0,0,0,0,0.0,0.0,0,0
OppositeVehicleTakingPriority_Town05_Route270_Weather6,base,1901,0,0.0,0,1901,0,0,0,0,0,0.0,0.0,0,0
ParkedObstacleTwoWays_Town12_Route1165_Weather21,base,931,0,0.0,931,0,0,0,0,931,931,100.0,100.0,0,0
ParkedObstacleTwoWays_Town12_Route1181_Weather11,base,1916,0,0.0,0,1916,0,0,0,958,958,50.0,50.0,0,0
ParkedObstacleTwoWays_Town12_Route1182_Weather12,base,988,0,0.0,988,0,0,0,0,988,988,100.0,100.0,0,0
ParkedObstacleTwoWays_Town13_Route1333_Weather26,base,1021,0,0.0,763,258,0,0,0,1021,1021,100.0,100.0,0,0
ParkedObstacleTwoWays_Town13_Route1334_Weather26,base,1196,0,0.0,1196,0,0,0,0,1196,1196,100.0,100.0,0,0
ParkedObstacleTwoWays_Town13_Route1336_Weather26,base,1959,0,0.0,1959,0,0,0,0,1959,1959,100.0,100.0,0,0
ParkedObstacle_Town03_Route103_Weather25,base,1052,0,0.0,0,1052,0,0,0,676,900,64.3,85.6,0,0
ParkedObstacle_Town03_Route147_Weather0,base,1028,0,0.0,0,1028,0,0,0,663,882,64.5,85.8,0,0
ParkedObstacle_Town03_Route157_Weather1,base,1083,0,0.0,0,1083,0,0,0,695,926,64.2,85.5,0,0
ParkedObstacle_Town05_Route221_Weather13,base,530,0,0.0,0,530,0,0,0,44,44,8.3,8.3,0,0
ParkedObstacle_Town05_Route262_Weather1,base,402,0,0.0,0,402,0,0,0,0,0,0.0,0.0,0,0
ParkedObstacle_Town10HD_Route371_Weather7,base,266,0,0.0,0,266,0,0,0,0,0,0.0,0.0,0,0
ParkedObstacle_Town10HD_Route372_Weather8,base,285,0,0.0,0,285,0,0,0,0,0,0.0,0.0,0,0
ParkedObstacle_Town12_Route958_Weather22,base,1196,0,0.0,752,444,0,0,0,904,752,75.6,62.9,0,0
ParkedObstacle_Town12_Route959_Weather23,base,539,0,0.0,404,135,0,0,0,539,539,100.0,100.0,0,0
ParkedObstacle_Town13_Route554_Weather12,base,477,0,0.0,477,0,0,0,0,477,318,100.0,66.7,0,0
ParkedObstacle_Town13_Route555_Weather9,base,3100,0,0.0,3100,0,0,0,0,3100,3100,100.0,100.0,0,0
ParkingCrossingPedestrian_Town12_Route758_Weather3,base,1704,0,0.0,0,1704,0,0,0,1704,1704,100.0,100.0,0,0
ParkingCrossingPedestrian_Town12_Route896_Weather12,base,440,0,0.0,440,0,0,0,0,440,440,100.0,100.0,0,0
ParkingCrossingPedestrian_Town12_Route898_Weather14,base,456,0,0.0,456,0,0,0,0,456,456,100.0,100.0,0,0
ParkingCrossingPedestrian_Town12_Route952_Weather8,base,468,0,0.0,0,468,0,0,0,234,234,50.0,50.0,0,0
ParkingCrossingPedestrian_Town13_Route545_Weather25,base,463,0,0.0,345,118,0,0,0,463,463,100.0,100.0,0,0
ParkingCrossingPedestrian_Town13_Route669_Weather19,base,3028,0,0.0,2284,744,0,0,0,2677,2677,88.4,88.4,0,0
ParkingCrossingPedestrian_Town13_Route728_Weather0,base,492,0,0.0,492,0,0,0,0,492,492,100.0,100.0,0,0
ParkingCutIn_Town13_Route1342_Weather0,base,590,0,0.0,590,0,0,0,0,590,590,100.0,100.0,0,0
ParkingCutIn_Town13_Route1344_Weather2,base,345,0,0.0,345,0,0,0,0,345,345,100.0,100.0,0,0
ParkingCutIn_Town13_Route1346_Weather5,base,1116,0,0.0,1116,0,0,0,0,1116,1116,100.0,100.0,0,0
ParkingCutIn_Town13_Route1349_Weather10,base,357,0,0.0,357,0,0,0,0,357,357,100.0,100.0,0,0
ParkingCutIn_Town13_Route546_Weather0,base,111,0,0.0,111,0,0,0,0,111,111,100.0,100.0,0,0
ParkingCutIn_Town13_Route547_Weather1,base,471,0,0.0,471,0,0,0,0,471,471,100.0,100.0,0,0
ParkingCutIn_Town13_Route549_Weather3,base,1445,0,0.0,1445,0,0,0,0,1445,1445,100.0,100.0,0,0
ParkingCutIn_Town13_Route670_Weather20,base,463,0,0.0,463,0,0,0,0,463,463,100.0,100.0,0,0
ParkingCutIn_Town13_Route671_Weather21,base,1724,0,0.0,1724,0,0,0,0,1724,1724,100.0,100.0,0,0
ParkingCutIn_Town13_Route696_Weather20,base,499,0,0.0,499,0,0,0,0,499,499,100.0,100.0,0,0
ParkingCutIn_Town13_Route729_Weather1,base,351,0,0.0,351,0,0,0,0,351,351,100.0,100.0,0,0
ParkingExit_Town12_Route786_Weather6,base,452,0,0.0,452,0,0,0,0,452,452,100.0,100.0,0,0
ParkingExit_Town12_Route922_Weather12,base,436,0,0.0,436,0,0,0,0,436,436,100.0,100.0,0,0
ParkingExit_Town13_Route567_Weather21,base,555,0,0.0,0,555,0,0,0,240,55,43.2,9.9,0,0
ParkingExit_Town13_Route568_Weather22,base,404,0,0.0,357,0,47,0,0,357,357,88.4,88.4,0,0
ParkingExit_Town13_Route569_Weather23,base,459,0,0.0,459,0,0,0,0,459,459,100.0,100.0,0,0
ParkingExit_Town13_Route677_Weather1,base,2869,0,0.0,2869,0,0,0,0,2869,2869,100.0,100.0,0,0
ParkingExit_Town13_Route697_Weather21,base,448,0,0.0,448,0,0,0,0,448,448,100.0,100.0,0,0
ParkingExit_Town13_Route732_Weather3,base,1285,0,0.0,1285,0,0,0,0,1285,1285,100.0,100.0,0,0
PedestrianCrossing_Town12_Route1013_Weather25,base,1266,0,0.0,1047,219,0,151,0,1266,1266,100.0,100.0,0,0
PedestrianCrossing_Town12_Route867_Weather9,base,436,0,0.0,327,109,0,44,0,436,436,100.0,100.0,0,0
PedestrianCrossing_Town13_Route636_Weather12,base,2092,0,0.0,2092,0,0,453,0,2092,2092,100.0,100.0,0,0
PedestrianCrossing_Town13_Route638_Weather14,base,2060,0,0.0,2060,0,0,453,0,2060,2060,100.0,100.0,0,0
PedestrianCrossing_Town13_Route687_Weather11,base,488,0,0.0,488,0,0,52,0,488,488,100.0,100.0,0,0
PedestrianCrossing_Town13_Route716_Weather14,base,2044,0,0.0,2044,0,0,450,0,2044,2044,100.0,100.0,0,0
PedestrianCrossing_Town13_Route718_Weather8,base,2028,0,0.0,2028,0,0,447,0,2028,2028,100.0,100.0,0,0
PedestrianCrossing_Town13_Route736_Weather8,base,2052,0,0.0,2052,0,0,449,0,2052,2052,100.0,100.0,0,0
PedestrianCrossing_Town15_Route448_Weather6,base,1476,0,0.0,1476,0,0,304,0,1476,1476,100.0,100.0,0,0
PedestrianCrossing_Town15_Route506_Weather12,base,1576,0,0.0,1182,394,0,315,0,1576,1576,100.0,100.0,0,0
PedestrianCrossing_Town15_Route526_Weather6,base,1496,0,0.0,1496,0,0,300,0,1496,1496,100.0,100.0,0,0
SignalizedJunctionLeftTurnEnterFlow_Town12_Route1020_Weather6,base,648,0,0.0,486,162,0,89,0,648,648,100.0,100.0,0,0
SignalizedJunctionLeftTurnEnterFlow_Town12_Route1034_Weather20,base,867,0,0.0,447,420,0,88,0,670,670,77.3,77.3,0,0
SignalizedJunctionLeftTurnEnterFlow_Town12_Route887_Weather3,base,604,0,0.0,453,151,0,80,0,604,604,100.0,100.0,0,0
SignalizedJunctionLeftTurnEnterFlow_Town12_Route981_Weather19,base,592,0,0.0,444,148,0,74,0,592,592,100.0,100.0,0,0
SignalizedJunctionLeftTurnEnterFlow_Town13_Route1627_Weather3,base,604,0,0.0,0,604,0,83,0,302,302,50.0,50.0,0,0
SignalizedJunctionLeftTurnEnterFlow_Town13_Route1629_Weather6,base,608,0,0.0,608,0,0,83,0,608,608,100.0,100.0,0,0
SignalizedJunctionLeftTurnEnterFlow_Town13_Route1630_Weather7,base,1154,0,0.0,1122,0,32,82,0,1122,1122,97.2,97.2,0,0
SignalizedJunctionLeftTurnEnterFlow_Town13_Route1631_Weather10,base,600,0,0.0,0,600,0,62,62,300,300,50.0,50.0,0,0
SignalizedJunctionLeftTurnEnterFlow_Town13_Route1633_Weather12,base,784,0,0.0,784,0,0,77,0,784,784,100.0,100.0,0,0
SignalizedJunctionLeftTurnEnterFlow_Town13_Route1636_Weather15,base,576,0,0.0,0,576,0,79,79,288,288,50.0,50.0,0,0
SignalizedJunctionLeftTurnEnterFlow_Town13_Route657_Weather2,base,810,0,0.0,810,0,0,63,0,810,810,100.0,100.0,0,0
SignalizedJunctionLeftTurnEnterFlow_Town13_Route658_Weather8,base,576,0,0.0,576,0,0,73,0,576,576,100.0,100.0,0,0
SignalizedJunctionLeftTurnEnterFlow_Town13_Route659_Weather3,base,901,0,0.0,901,0,0,77,0,901,901,100.0,100.0,0,0
SignalizedJunctionLeftTurnEnterFlow_Town13_Route692_Weather8,base,652,0,0.0,0,652,0,92,92,326,326,50.0,50.0,0,0
SignalizedJunctionLeftTurnEnterFlow_Town13_Route719_Weather18,base,982,0,0.0,982,0,0,76,0,982,982,100.0,100.0,0,0
SignalizedJunctionLeftTurnEnterFlow_Town13_Route721_Weather19,base,644,0,0.0,644,0,0,90,0,644,644,100.0,100.0,0,0
SignalizedJunctionLeftTurnEnterFlow_Town15_Route498_Weather23,base,659,0,0.0,444,215,0,76,0,618,659,93.8,100.0,0,0
SignalizedJunctionLeftTurnEnterFlow_Town15_Route511_Weather9,base,736,0,0.0,736,0,0,74,0,736,736,100.0,100.0,0,0
SignalizedJunctionLeftTurnEnterFlow_Town15_Route529_Weather9,base,644,0,0.0,644,0,0,125,0,644,644,100.0,100.0,0,0
SignalizedJunctionLeftTurnEnterFlow_Town15_Route531_Weather11,base,706,0,0.0,477,229,0,85,0,661,706,93.6,100.0,0,0
SignalizedJunctionLeftTurnEnterFlow_Town15_Route536_Weather8,base,720,0,0.0,720,0,0,93,0,720,720,100.0,100.0,0,0
SignalizedJunctionLeftTurn_Town03_Route113_Weather26,base,2131,0,0.0,0,2131,0,81,0,963,2131,45.2,100.0,0,0
SignalizedJunctionLeftTurn_Town03_Route114_Weather6,base,1437,0,0.0,0,1437,0,76,0,635,1437,44.2,100.0,0,0
SignalizedJunctionLeftTurn_Town03_Route150_Weather26,base,1828,0,0.0,0,1828,0,67,0,833,1828,45.6,100.0,0,0
SignalizedJunctionLeftTurn_Town04_Route172_Weather8,base,2350,0,0.0,2077,273,0,82,0,2350,2350,100.0,100.0,0,0
SignalizedJunctionLeftTurn_Town04_Route173_Weather26,base,14053,0,0.0,9801,4252,0,64,0,14053,14053,100.0,100.0,0,0
SignalizedJunctionLeftTurn_Town04_Route174_Weather18,base,2330,0,0.0,2051,279,0,78,0,2330,2330,100.0,100.0,0,0
SignalizedJunctionLeftTurn_Town05_Route232_Weather23,base,3375,0,0.0,0,3375,0,81,81,0,0,0.0,0.0,0,0
SignalizedJunctionLeftTurn_Town05_Route233_Weather6,base,2763,0,0.0,0,2763,0,113,113,0,0,0.0,0.0,0,0
SignalizedJunctionLeftTurn_Town05_Route234_Weather7,base,2626,0,0.0,0,2626,0,0,0,0,0,0.0,0.0,0,0
SignalizedJunctionLeftTurn_Town05_Route267_Weather3,base,2602,0,0.0,0,2602,0,114,114,0,106,0.0,4.1,0,0
SignalizedJunctionLeftTurn_Town07_Route334_Weather26,base,910,0,0.0,173,737,0,80,80,584,584,64.2,64.2,0,0
SignalizedJunctionLeftTurn_Town07_Route336_Weather23,base,930,0,0.0,199,731,0,81,0,596,596,64.1,64.1,0,0
SignalizedJunctionLeftTurn_Town07_Route366_Weather2,base,1383,0,0.0,978,405,0,86,0,1141,1189,82.5,86.0,0,0
SignalizedJunctionLeftTurn_Town10HD_Route380_Weather21,base,1656,0,0.0,0,1656,0,78,78,0,0,0.0,0.0,0,0
SignalizedJunctionLeftTurn_Town10HD_Route381_Weather22,base,1812,0,0.0,0,1812,0,66,66,0,0,0.0,0.0,0,0
SignalizedJunctionLeftTurn_Town12_Route1470_Weather5,base,688,0,0.0,516,172,0,91,0,688,688,100.0,100.0,0,0
SignalizedJunctionLeftTurn_Town13_Route580_Weather26,base,838,0,0.0,838,0,0,64,0,838,838,100.0,100.0,0,0
SignalizedJunctionLeftTurn_Town13_Route581_Weather26,base,908,0,0.0,908,0,0,78,0,908,908,100.0,100.0,0,0
SignalizedJunctionLeftTurn_Town15_Route437_Weather26,base,608,0,0.0,608,0,0,113,0,608,608,100.0,100.0,0,0
SignalizedJunctionLeftTurn_Town15_Route471_Weather26,base,612,0,0.0,612,0,0,79,0,612,612,100.0,100.0,0,0
SignalizedJunctionRightTurn_Town03_Route118_Weather14,base,1269,0,0.0,0,1269,0,88,0,559,1269,44.1,100.0,0,0
SignalizedJunctionRightTurn_Town04_Route176_Weather20,base,2935,0,0.0,2011,924,0,77,0,2935,2935,100.0,100.0,0,0
SignalizedJunctionRightTurn_Town04_Route177_Weather13,base,4571,0,0.0,3925,646,0,82,0,4571,4571,100.0,100.0,0,0
SignalizedJunctionRightTurn_Town04_Route211_Weather3,base,3232,0,0.0,2215,1017,0,82,0,3232,3232,100.0,100.0,0,0
SignalizedJunctionRightTurn_Town07_Route338_Weather10,base,766,0,0.0,105,661,0,89,0,454,454,59.3,59.3,0,0
SignalizedJunctionRightTurn_Town07_Route339_Weather1,base,1876,0,0.0,1044,832,0,92,0,1322,1496,70.5,79.7,0,0
SignalizedJunctionRightTurn_Town12_Route803_Weather23,base,2202,0,0.0,0,2202,0,93,0,827,542,37.6,24.6,0,0
SignalizedJunctionRightTurn_Town12_Route805_Weather25,base,811,0,0.0,616,143,52,74,0,759,759,93.6,93.6,0,0
SignalizedJunctionRightTurn_Town13_Route583_Weather11,base,564,0,0.0,564,0,0,84,0,564,564,100.0,100.0,0,0
StaticCutIn_Town03_Route109_Weather1,base,910,0,0.0,0,910,0,0,0,601,801,66.0,88.0,0,0
StaticCutIn_Town03_Route110_Weather6,base,195,0,0.0,0,195,0,0,0,130,130,66.7,66.7,0,0
StaticCutIn_Town03_Route149_Weather19,base,273,0,0.0,0,273,0,0,0,168,252,61.5,92.3,0,0
StaticCutIn_Town03_Route158_Weather2,base,170,0,0.0,0,170,0,0,0,156,170,91.8,100.0,0,0
StaticCutIn_Town04_Route216_Weather8,base,882,0,0.0,612,270,0,0,0,882,882,100.0,100.0,0,0
StaticCutIn_Town05_Route226_Weather18,base,285,0,0.0,0,285,0,0,0,0,0,0.0,0.0,0,0
StaticCutIn_Town05_Route265_Weather5,base,282,0,0.0,0,282,0,0,0,0,0,0.0,0.0,0,0
StaticCutIn_Town06_Route287_Weather1,base,78,0,0.0,0,78,0,0,0,0,0,0.0,0.0,0,0
StaticCutIn_Town12_Route782_Weather2,base,794,0,0.0,597,168,29,0,0,765,765,96.3,96.3,0,0
StaticCutIn_Town13_Route563_Weather9,base,246,0,0.0,0,246,0,0,0,164,82,66.7,33.3,0,0
TJunction_Town01_Route90_Weather12,base,1721,0,0.0,0,1721,0,415,415,0,0,0.0,0.0,0,0
TJunction_Town01_Route91_Weather13,base,887,0,0.0,0,887,0,36,36,0,0,0.0,0.0,0,0
TJunction_Town02_Route97_Weather19,base,3282,0,0.0,0,3282,0,35,35,0,0,0.0,0.0,0,0
TJunction_Town05_Route259_Weather0,base,2801,0,0.0,0,2801,0,0,0,531,531,19.0,19.0,0,0
TJunction_Town05_Route260_Weather0,base,2656,0,0.0,0,2656,0,0,0,504,504,19.0,19.0,0,0
TJunction_Town05_Route261_Weather1,base,3790,0,0.0,0,3790,0,126,126,0,331,0.0,8.7,0,0
TJunction_Town06_Route304_Weather18,base,1590,0,0.0,0,1590,0,444,444,0,0,0.0,0.0,0,0
TJunction_Town06_Route305_Weather19,base,3580,0,0.0,0,3580,0,0,0,465,1102,13.0,30.8,0,0
TJunction_Town06_Route306_Weather20,base,1539,0,0.0,0,1539,0,428,428,0,0,0.0,0.0,0,0
TJunction_Town07_Route364_Weather0,base,1744,0,0.0,795,949,0,0,0,1151,1271,66.0,72.9,0,0
TJunction_Town07_Route365_Weather1,base,1719,0,0.0,0,1719,0,424,424,573,573,33.3,33.3,0,0
TJunction_Town12_Route1017_Weather3,base,2607,0,0.0,1036,1570,1,307,307,1772,1772,68.0,68.0,0,0
TJunction_Town12_Route926_Weather8,base,912,0,0.0,912,0,0,0,0,912,608,100.0,66.7,0,0
TJunction_Town12_Route927_Weather9,base,900,0,0.0,900,0,0,0,0,900,600,100.0,66.7,0,0
TJunction_Town13_Route652_Weather2,base,789,0,0.0,0,789,0,145,145,263,263,33.3,33.3,0,0
TJunction_Town13_Route654_Weather3,base,159,0,0.0,0,159,0,0,0,106,53,66.7,33.3,0,0
TJunction_Town13_Route655_Weather5,base,753,0,0.0,0,753,0,152,0,502,502,66.7,66.7,0,0
TJunction_Town15_Route456_Weather14,base,1362,0,0.0,0,1362,0,327,0,1362,908,100.0,66.7,0,0
TJunction_Town15_Route495_Weather1,base,1837,0,0.0,152,1685,0,411,0,1837,1301,100.0,70.8,0,0
TJunction_Town15_Route496_Weather2,base,1212,0,0.0,0,1212,0,305,305,404,0,33.3,0.0,0,0
TJunction_Town15_Route510_Weather8,base,300,0,0.0,0,300,0,0,0,100,0,33.3,0.0,0,0
VanillaNonSignalizedTurnEncounterStopsign_Town03_Route143_Weather13,base,1777,0,0.0,0,1777,0,0,0,790,1771,44.5,99.7,0,0
VanillaNonSignalizedTurnEncounterStopsign_Town03_Route144_Weather14,base,1264,0,0.0,0,1264,0,0,0,542,1256,42.9,99.4,0,0
VanillaNonSignalizedTurnEncounterStopsign_Town03_Route145_Weather15,base,87,0,0.0,0,87,0,0,0,39,81,44.8,93.1,0,0
VanillaNonSignalizedTurnEncounterStopsign_Town04_Route202_Weather20,base,6174,0,0.0,5162,1012,0,0,0,6174,6174,100.0,100.0,0,0
VanillaNonSignalizedTurnEncounterStopsign_Town04_Route203_Weather21,base,1634,0,0.0,1174,460,0,0,0,1634,1634,100.0,100.0,0,0
VanillaNonSignalizedTurnEncounterStopsign_Town05_Route256_Weather22,base,863,0,0.0,0,863,0,0,0,0,0,0.0,0.0,0,0
VanillaNonSignalizedTurnEncounterStopsign_Town05_Route257_Weather23,base,1940,0,0.0,0,1940,0,0,0,0,148,0.0,7.6,0,0
VanillaNonSignalizedTurnEncounterStopsign_Town05_Route258_Weather25,base,1449,0,0.0,0,1449,0,0,0,0,0,0.0,0.0,0,0
VanillaNonSignalizedTurnEncounterStopsign_Town07_Route361_Weather23,base,152,0,0.0,0,152,0,0,0,88,88,57.9,57.9,0,0
VanillaNonSignalizedTurnEncounterStopsign_Town12_Route16582_Weather23,weak,111,0,0.0,83,28,0,0,0,111,111,100.0,100.0,0,0
VanillaSignalizedTurnEncounterGreenLight_Town03_Route137_Weather7,base,2256,0,0.0,0,2256,0,305,0,1504,2256,66.7,100.0,0,0
VanillaSignalizedTurnEncounterGreenLight_Town03_Route139_Weather9,base,2286,0,0.0,0,2286,0,306,0,1524,2286,66.7,100.0,0,0
VanillaSignalizedTurnEncounterGreenLight_Town04_Route196_Weather14,base,2160,0,0.0,1946,214,0,20,0,2160,2160,100.0,100.0,0,0
VanillaSignalizedTurnEncounterGreenLight_Town04_Route197_Weather15,base,5793,0,0.0,5338,455,0,50,0,5793,5793,100.0,100.0,0,0
VanillaSignalizedTurnEncounterGreenLight_Town04_Route198_Weather8,base,2134,0,0.0,1923,211,0,20,0,2134,2134,100.0,100.0,0,0
VanillaSignalizedTurnEncounterGreenLight_Town05_Route250_Weather8,base,1819,0,0.0,0,1819,0,30,30,0,0,0.0,0.0,0,0
VanillaSignalizedTurnEncounterGreenLight_Town05_Route251_Weather9,base,2017,0,0.0,0,2017,0,77,77,0,0,0.0,0.0,0,0
VanillaSignalizedTurnEncounterGreenLight_Town05_Route252_Weather21,base,2136,0,0.0,0,2136,0,83,83,0,0,0.0,0.0,0,0
VanillaSignalizedTurnEncounterGreenLight_Town07_Route354_Weather8,base,1227,0,0.0,163,1064,0,148,0,695,695,56.6,56.6,0,0
VanillaSignalizedTurnEncounterGreenLight_Town07_Route355_Weather9,base,1191,0,0.0,167,1024,0,152,0,679,679,57.0,57.0,0,0
VanillaSignalizedTurnEncounterGreenLight_Town07_Route356_Weather18,base,598,0,0.0,120,478,0,25,25,392,392,65.6,65.6,0,0
VanillaSignalizedTurnEncounterGreenLight_Town10HD_Route386_Weather22,base,2407,0,0.0,0,2407,0,147,147,0,0,0.0,0.0,0,0
VanillaSignalizedTurnEncounterGreenLight_Town10HD_Route387_Weather23,base,2481,0,0.0,0,2481,0,154,154,0,0,0.0,0.0,0,0
VanillaSignalizedTurnEncounterGreenLight_Town10HD_Route392_Weather2,base,2480,0,0.0,0,2480,0,152,152,0,0,0.0,0.0,0,0
VanillaSignalizedTurnEncounterGreenLight_Town12_Route868_Weather10,base,3181,0,0.0,1593,1588,0,463,0,2220,2220,69.8,69.8,0,0
VanillaSignalizedTurnEncounterGreenLight_Town12_Route869_Weather11,base,456,0,0.0,334,93,29,24,0,427,427,93.6,93.6,0,0
VanillaSignalizedTurnEncounterGreenLight_Town12_Route871_Weather13,base,2216,0,0.0,2199,17,0,462,0,2216,2216,100.0,100.0,0,0
VanillaSignalizedTurnEncounterGreenLight_Town12_Route944_Weather8,base,6750,0,0.0,0,6750,0,460,0,2574,1592,38.1,23.6,0,0
VanillaSignalizedTurnEncounterGreenLight_Town13_Route642_Weather18,base,425,0,0.0,336,89,0,24,0,425,425,100.0,100.0,0,0
VanillaSignalizedTurnEncounterGreenLight_Town13_Route643_Weather19,base,996,0,0.0,0,996,0,213,0,996,996,100.0,100.0,0,0
VanillaSignalizedTurnEncounterGreenLight_Town15_Route451_Weather9,base,972,0,0.0,972,0,0,207,0,972,972,100.0,100.0,0,0
VanillaSignalizedTurnEncounterGreenLight_Town15_Route489_Weather21,base,400,0,0.0,400,0,0,27,0,400,400,100.0,100.0,0,0
VanillaSignalizedTurnEncounterGreenLight_Town15_Route490_Weather22,base,2574,0,0.0,1608,966,0,461,0,2144,2574,83.3,100.0,0,0
VanillaSignalizedTurnEncounterGreenLight_Town15_Route507_Weather13,base,1144,0,0.0,1144,0,0,248,0,1144,1144,100.0,100.0,0,0
VanillaSignalizedTurnEncounterRedLight_Town03_Route140_Weather10,base,1244,0,0.0,0,1244,0,83,0,945,1244,76.0,100.0,0,0
VanillaSignalizedTurnEncounterRedLight_Town03_Route141_Weather11,base,2620,0,0.0,0,2620,0,110,0,1255,2620,47.9,100.0,0,0
VanillaSignalizedTurnEncounterRedLight_Town03_Route142_Weather12,base,3269,0,0.0,0,3269,0,121,0,1709,3235,52.3,99.0,0,0
VanillaSignalizedTurnEncounterRedLight_Town04_Route199_Weather9,base,7055,0,0.0,4822,2233,0,156,0,7055,7055,100.0,100.0,0,0
VanillaSignalizedTurnEncounterRedLight_Town04_Route200_Weather18,base,3902,0,0.0,3432,470,0,175,0,3902,3902,100.0,100.0,0,0
VanillaSignalizedTurnEncounterRedLight_Town04_Route201_Weather19,base,7328,0,0.0,5018,2310,0,154,0,7328,7328,100.0,100.0,0,0
VanillaSignalizedTurnEncounterRedLight_Town05_Route253_Weather19,base,2922,0,0.0,0,2922,0,89,89,0,0,0.0,0.0,0,0
VanillaSignalizedTurnEncounterRedLight_Town05_Route254_Weather20,base,10820,0,0.0,0,10820,0,462,462,0,583,0.0,5.4,0,0
VanillaSignalizedTurnEncounterRedLight_Town05_Route255_Weather21,base,3078,0,0.0,0,3078,0,142,142,0,0,0.0,0.0,0,0
VanillaSignalizedTurnEncounterRedLight_Town07_Route357_Weather19,base,1531,0,0.0,215,1316,0,152,0,873,873,57.0,57.0,0,0
VanillaSignalizedTurnEncounterRedLight_Town07_Route358_Weather20,base,1558,0,0.0,222,1336,0,152,0,890,890,57.1,57.1,0,0
VanillaSignalizedTurnEncounterRedLight_Town07_Route359_Weather21,base,1523,0,0.0,215,1308,0,152,0,869,869,57.1,57.1,0,0
VanillaSignalizedTurnEncounterRedLight_Town10HD_Route24840_Weather26,weak,1430,0,0.0,0,1430,0,19,19,0,0,0.0,0.0,0,0
VanillaSignalizedTurnEncounterRedLight_Town10HD_Route388_Weather23,base,2894,0,0.0,0,2894,0,179,179,0,0,0.0,0.0,0,0
VanillaSignalizedTurnEncounterRedLight_Town10HD_Route389_Weather25,base,1903,0,0.0,0,1903,0,92,92,0,0,0.0,0.0,0,0
VanillaSignalizedTurnEncounterRedLight_Town10HD_Route393_Weather3,base,2841,0,0.0,0,2841,0,161,161,0,0,0.0,0.0,0,0
VanillaSignalizedTurnEncounterRedLight_Town12_Route15458_Weather9,weak,2252,0,0.0,1689,563,0,488,0,2252,2252,100.0,100.0,0,0
VanillaSignalizedTurnEncounterRedLight_Town12_Route15462_Weather21,weak,1716,0,0.0,1287,429,0,318,0,1716,1716,100.0,100.0,0,0
VanillaSignalizedTurnEncounterRedLight_Town12_Route15466_Weather25,weak,1872,0,0.0,1423,437,12,317,0,1860,1860,99.4,99.4,0,0
VanillaSignalizedTurnEncounterRedLight_Town12_Route15467_Weather0,weak,1684,0,0.0,1684,0,0,318,0,1684,1684,100.0,100.0,0,0
VanillaSignalizedTurnEncounterRedLight_Town12_Route15473_Weather6,weak,2372,0,0.0,1779,593,0,512,0,2372,2372,100.0,100.0,0,0
VanillaSignalizedTurnEncounterRedLight_Town12_Route15485_Weather18,weak,978,0,0.0,674,185,119,89,0,859,859,87.8,87.8,0,0
VanillaSignalizedTurnEncounterRedLight_Town12_Route15488_Weather21,weak,660,0,0.0,660,0,0,127,0,660,660,100.0,100.0,0,0
VanillaSignalizedTurnEncounterRedLight_Town12_Route15493_Weather0,weak,4116,0,0.0,1764,2352,0,553,0,3528,2940,85.7,71.4,0,0
VanillaSignalizedTurnEncounterRedLight_Town12_Route15495_Weather2,weak,2352,0,0.0,1764,588,0,475,0,2352,2352,100.0,100.0,0,0
VanillaSignalizedTurnEncounterRedLight_Town12_Route15496_Weather3,weak,1590,0,0.0,1080,510,0,169,0,1219,1219,76.7,76.7,0,0
VanillaSignalizedTurnEncounterRedLight_Town12_Route15498_Weather5,weak,2898,0,0.0,1767,1131,0,510,0,2356,2356,81.3,81.3,0,0
VanillaSignalizedTurnEncounterRedLight_Town12_Route15501_Weather8,weak,3265,0,0.0,1692,1573,0,488,0,2760,2760,84.5,84.5,0,0
VanillaSignalizedTurnEncounterRedLight_Town12_Route15504_Weather11,weak,1976,0,0.0,1482,494,0,429,0,1976,1976,100.0,100.0,0,0
VanillaSignalizedTurnEncounterRedLight_Town12_Route15513_Weather20,weak,815,0,0.0,574,158,83,122,0,732,732,89.8,89.8,0,0
VanillaSignalizedTurnEncounterRedLight_Town12_Route15514_Weather21,weak,1148,0,0.0,861,287,0,158,0,1148,1148,100.0,100.0,0,0
VanillaSignalizedTurnEncounterRedLight_Town12_Route15515_Weather22,weak,2512,0,0.0,1323,1189,0,363,0,2138,2138,85.1,85.1,0,0
VanillaSignalizedTurnEncounterRedLight_Town12_Route15521_Weather2,weak,3312,0,0.0,1725,1587,0,473,0,2300,2300,69.4,69.4,0,0
VanillaSignalizedTurnEncounterRedLight_Town12_Route15523_Weather3,weak,1584,0,0.0,1075,284,225,211,0,1359,1359,85.8,85.8,0,0
VanillaSignalizedTurnEncounterRedLight_Town12_Route15525_Weather6,weak,3362,0,0.0,1743,1619,0,549,0,2843,2843,84.6,84.6,0,0
VanillaSignalizedTurnEncounterRedLight_Town12_Route15529_Weather10,weak,3361,0,0.0,1743,1618,0,493,0,2324,2324,69.1,69.1,0,0
VanillaSignalizedTurnEncounterRedLight_Town12_Route15532_Weather13,weak,2407,0,0.0,1815,592,0,460,0,2407,2407,100.0,100.0,0,0
VanillaSignalizedTurnEncounterRedLight_Town12_Route15534_Weather15,weak,736,0,0.0,736,0,0,81,0,736,736,100.0,100.0,0,0
VanillaSignalizedTurnEncounterRedLight_Town12_Route15537_Weather18,weak,1752,0,0.0,1314,438,0,349,0,1752,1752,100.0,100.0,0,0
VanillaSignalizedTurnEncounterRedLight_Town12_Route15540_Weather21,weak,1810,0,0.0,1770,40,0,309,0,1810,1810,100.0,100.0,0,0
VanillaSignalizedTurnEncounterRedLight_Town12_Route15545_Weather0,weak,1272,0,0.0,954,318,0,218,0,1272,1272,100.0,100.0,0,0
VanillaSignalizedTurnEncounterRedLight_Town12_Route15547_Weather2,weak,854,0,0.0,609,158,87,126,0,767,767,89.8,89.8,0,0
VanillaSignalizedTurnEncounterRedLight_Town12_Route15550_Weather5,weak,2385,0,0.0,1664,721,0,340,0,2385,2385,100.0,100.0,0,0
VanillaSignalizedTurnEncounterRedLight_Town12_Route15551_Weather6,weak,1740,0,0.0,0,1740,0,399,80,870,870,50.0,50.0,0,0
VanillaSignalizedTurnEncounterRedLight_Town12_Route15555_Weather10,weak,2432,0,0.0,1824,608,0,513,0,2432,2432,100.0,100.0,0,0
VanillaSignalizedTurnEncounterRedLight_Town12_Route15558_Weather13,weak,684,0,0.0,513,171,0,23,0,684,684,100.0,100.0,0,0
VanillaSignalizedTurnEncounterRedLight_Town12_Route15560_Weather15,weak,2384,0,0.0,1788,596,0,473,0,2384,2384,100.0,100.0,0,0
VanillaSignalizedTurnEncounterRedLight_Town12_Route872_Weather14,base,1716,0,0.0,1287,429,0,345,0,1716,1716,100.0,100.0,0,0
VanillaSignalizedTurnEncounterRedLight_Town12_Route874_Weather8,base,7362,0,0.0,0,7362,0,503,0,2810,1732,38.2,23.5,0,0
VanillaSignalizedTurnEncounterRedLight_Town13_Route3865_Weather12,weak,1788,0,0.0,0,1788,0,326,326,0,0,0.0,0.0,0,0
VanillaSignalizedTurnEncounterRedLight_Town13_Route3866_Weather13,weak,1088,0,0.0,1088,0,0,214,0,1088,1088,100.0,100.0,0,0
VanillaSignalizedTurnEncounterRedLight_Town13_Route3872_Weather19,weak,2755,0,0.0,2755,0,0,213,0,2755,2755,100.0,100.0,0,0
VanillaSignalizedTurnEncounterRedLight_Town13_Route3873_Weather20,weak,588,0,0.0,588,0,0,80,0,588,588,100.0,100.0,0,0
VanillaSignalizedTurnEncounterRedLight_Town13_Route3874_Weather21,weak,2288,0,0.0,2288,0,0,512,0,2288,2288,100.0,100.0,0,0
VanillaSignalizedTurnEncounterRedLight_Town13_Route3876_Weather23,weak,1727,0,0.0,1727,0,0,208,0,1727,1727,100.0,100.0,0,0
VanillaSignalizedTurnEncounterRedLight_Town13_Route3877_Weather23,weak,2276,0,0.0,2276,0,0,485,0,2276,2276,100.0,100.0,0,0
VanillaSignalizedTurnEncounterRedLight_Town13_Route3878_Weather25,weak,597,0,0.0,597,0,0,49,0,597,597,100.0,100.0,0,0
VanillaSignalizedTurnEncounterRedLight_Town13_Route3879_Weather0,weak,2376,0,0.0,1782,594,0,512,0,2376,2376,100.0,100.0,0,0
VanillaSignalizedTurnEncounterRedLight_Town13_Route3881_Weather2,weak,2308,0,0.0,2308,0,0,509,0,2308,2308,100.0,100.0,0,0
VanillaSignalizedTurnEncounterRedLight_Town13_Route3882_Weather3,weak,1700,0,0.0,1180,520,0,218,0,1700,1700,100.0,100.0,0,0
VanillaSignalizedTurnEncounterRedLight_Town13_Route603_Weather15,base,2231,0,0.0,1605,626,0,451,0,1660,1125,74.4,50.4,0,0
VanillaSignalizedTurnEncounterRedLight_Town13_Route644_Weather20,base,592,0,0.0,592,0,0,85,0,592,592,100.0,100.0,0,0
VanillaSignalizedTurnEncounterRedLight_Town13_Route645_Weather21,base,2260,0,0.0,2260,0,0,489,0,2260,2260,100.0,100.0,0,0
VanillaSignalizedTurnEncounterRedLight_Town13_Route646_Weather22,base,540,0,0.0,540,0,0,59,0,540,540,100.0,100.0,0,0
VanillaSignalizedTurnEncounterRedLight_Town13_Route647_Weather23,base,1784,0,0.0,1784,0,0,375,0,1784,1784,100.0,100.0,0,0
VanillaSignalizedTurnEncounterRedLight_Town13_Route689_Weather13,base,636,0,0.0,0,636,0,84,84,318,318,50.0,50.0,0,0
VanillaSignalizedTurnEncounterRedLight_Town15_Route452_Weather10,base,760,0,0.0,760,0,0,150,0,760,760,100.0,100.0,0,0
VanillaSignalizedTurnEncounterRedLight_Town15_Route491_Weather23,base,2811,0,0.0,1773,1038,0,507,0,2364,2811,84.1,100.0,0,0
VanillaSignalizedTurnEncounterRedLight_Town15_Route492_Weather23,base,848,0,0.0,848,0,0,174,0,848,848,100.0,100.0,0,0
VehicleTurningRoutePedestrian_Town12_Route827_Weather22,base,123,0,0.0,123,0,0,0,0,123,123,100.0,100.0,0,0
VehicleTurningRoute_Town13_Route700_Weather23,base,924,0,0.0,693,231,0,152,0,924,924,100.0,100.0,0,0
YieldToEmergencyVehicle_Town03_Route148_Weather18,base,835,0,0.0,0,835,0,0,0,553,721,66.2,86.3,0,0
YieldToEmergencyVehicle_Town03_Route25378_Weather9,weak,240,0,0.0,0,240,0,0,0,194,240,80.8,100.0,0,0
YieldToEmergencyVehicle_Town03_Route25427_Weather12,weak,237,0,0.0,0,237,0,0,0,191,237,80.6,100.0,0,0
YieldToEmergencyVehicle_Town12_Route20598_Weather5,weak,731,0,0.0,731,0,0,0,0,731,731,100.0,100.0,0,0
YieldToEmergencyVehicle_Town12_Route20625_Weather6,weak,295,0,0.0,220,74,1,0,0,294,294,99.7,99.7,0,0
YieldToEmergencyVehicle_Town12_Route20629_Weather10,weak,270,0,0.0,114,156,0,0,0,166,128,61.5,47.4,0,0
YieldToEmergencyVehicle_Town12_Route20639_Weather20,weak,1190,0,0.0,955,235,0,0,0,1190,1093,100.0,91.8,0,0
YieldToEmergencyVehicle_Town12_Route20646_Weather1,weak,2076,0,0.0,1971,90,15,0,0,2061,2061,99.3,99.3,0,0
YieldToEmergencyVehicle_Town12_Route20647_Weather2,weak,228,0,0.0,0,228,0,0,0,76,76,33.3,33.3,0,0
YieldToEmergencyVehicle_Town12_Route20666_Weather21,weak,467,0,0.0,0,467,0,0,0,235,235,50.3,50.3,0,0
YieldToEmergencyVehicle_Town12_Route20668_Weather23,weak,441,0,0.0,375,66,0,0,0,441,441,100.0,100.0,0,0
YieldToEmergencyVehicle_Town12_Route20679_Weather8,weak,284,0,0.0,284,0,0,0,0,284,284,100.0,100.0,0,0
YieldToEmergencyVehicle_Town12_Route20718_Weather21,weak,1182,0,0.0,697,485,0,0,0,927,914,78.4,77.3,0,0
YieldToEmergencyVehicle_Town12_Route20720_Weather23,weak,1327,0,0.0,999,328,0,0,0,1114,999,83.9,75.3,0,0
YieldToEmergencyVehicle_Town12_Route20734_Weather11,weak,558,0,0.0,529,29,0,0,0,558,558,100.0,100.0,0,0
YieldToEmergencyVehicle_Town12_Route20755_Weather6,weak,267,0,0.0,200,67,0,0,0,267,267,100.0,100.0,0,0
YieldToEmergencyVehicle_Town12_Route20768_Weather19,weak,360,0,0.0,237,123,0,0,0,278,199,77.2,55.3,0,0
YieldToEmergencyVehicle_Town12_Route20773_Weather23,weak,272,0,0.0,204,68,0,0,0,272,272,100.0,100.0,0,0
YieldToEmergencyVehicle_Town12_Route20775_Weather0,weak,568,0,0.0,487,81,0,0,0,568,568,100.0,100.0,0,0
YieldToEmergencyVehicle_Town12_Route20785_Weather10,weak,599,0,0.0,548,51,0,0,0,599,599,100.0,100.0,0,0
YieldToEmergencyVehicle_Town12_Route20836_Weather9,weak,577,0,0.0,338,239,0,0,0,457,457,79.2,79.2,0,0
YieldToEmergencyVehicle_Town12_Route20855_Weather2,weak,912,0,0.0,0,912,0,0,0,912,912,100.0,100.0,0,0
YieldToEmergencyVehicle_Town12_Route20860_Weather7,weak,400,0,0.0,400,0,0,0,0,400,345,100.0,86.2,0,0
YieldToEmergencyVehicle_Town12_Route2587_Weather7,weak,766,0,0.0,575,154,37,0,0,729,729,95.2,95.2,0,0
YieldToEmergencyVehicle_Town12_Route2599_Weather19,weak,420,0,0.0,420,0,0,0,0,420,280,100.0,66.7,0,0
YieldToEmergencyVehicle_Town12_Route778_Weather14,base,624,0,0.0,541,83,0,0,0,624,624,100.0,100.0,0,0
YieldToEmergencyVehicle_Town12_Route918_Weather8,base,486,0,0.0,365,121,0,0,0,486,486,100.0,100.0,0,0
YieldToEmergencyVehicle_Town13_Route3368_Weather9,weak,312,0,0.0,312,0,0,0,0,312,312,100.0,100.0,0,0
YieldToEmergencyVehicle_Town13_Route561_Weather14,base,288,0,0.0,288,0,0,0,0,288,288,100.0,100.0,0,0
YieldToEmergencyVehicle_Town13_Route673_Weather23,base,336,0,0.0,336,0,0,0,0,336,336,100.0,100.0,0,0
